training_seed,condition,subset,samples,accuracy,secondary_posthoc
32,real,affected,85,0.9882352941176471,True
32,real,unaffected,165,0.9030303030303031,True
32,tls12_gcm_randomized,affected,85,0.9882352941176471,True
32,tls12_gcm_randomized,unaffected,165,0.9090909090909091,True
42,real,affected,85,0.9882352941176471,True
42,real,unaffected,165,0.9090909090909091,True
42,tls12_gcm_randomized,affected,85,1.0,True
42,tls12_gcm_randomized,unaffected,165,0.9333333333333333,True
52,real,affected,85,0.8823529411764706,True
52,real,unaffected,165,0.9212121212121213,True
52,tls12_gcm_randomized,affected,85,1.0,True
52,tls12_gcm_randomized,unaffected,165,0.9272727272727272,True
