condition,training_seed,split_seed,payload_seed,accuracy,macro_precision,macro_recall,macro_f1,test_loss,epochs,best_epoch,train_size,validation_size,test_size,train_groups,validation_groups,test_groups
real,32,32,32,0.932,0.9162721762364224,0.9295821851421446,0.9221212244444024,0.2803764823796175,20,18,1172,252,250,1135,242,244
random,32,32,32,0.76,0.6899676347044768,0.7146580867401756,0.6934435678192615,0.6086741513572633,20,17,1172,252,250,1135,242,244
header-only,32,32,32,0.696,0.6813210510119112,0.6399720698964184,0.6495101100026094,0.7713188370466232,20,16,1172,252,250,1135,242,244
real,42,32,32,0.936,0.9358273105230114,0.9272871285687154,0.929971605513499,0.16959915838896997,20,20,1172,252,250,1135,242,244
random,42,32,32,0.872,0.8285076041724476,0.8281345497413399,0.8240153836539378,0.3456973396278954,20,19,1172,252,250,1135,242,244
header-only,42,32,32,0.824,0.771605087419041,0.7741655243963969,0.7706931442238941,0.46895485872030257,20,20,1172,252,250,1135,242,244
real,52,32,32,0.908,0.9068129074792409,0.893715820705686,0.8982256860590593,0.24339677312388086,20,15,1172,252,250,1135,242,244
random,52,32,32,0.576,0.5598439903317952,0.49069832406241004,0.4974345144248056,1.126477891921997,20,19,1172,252,250,1135,242,244
header-only,52,32,32,0.86,0.8090141641075584,0.8064414569748442,0.806710887385734,0.39512395692057906,20,15,1172,252,250,1135,242,244
