comparison,training_seed,accuracy_difference,macro_f1_difference
real - random,32,0.17200000000000004,0.22867765662514083
real - random,42,0.06400000000000006,0.10595622185956122
real - random,52,0.3320000000000001,0.4007911716342537
random - header-only,32,0.06400000000000006,0.043933457816652144
random - header-only,42,0.04800000000000004,0.05332223943004366
random - header-only,52,-0.28400000000000003,-0.30927637296092847
real - header-only,32,0.2360000000000001,0.272611114441793
real - header-only,42,0.1120000000000001,0.15927846128960488
real - header-only,52,0.04800000000000004,0.09151479867332524
