scope,id,captures,samples,samples_with_payload,payload_packets,payload_bytes,ciphertext,framing,plaintext,authentication,padding,unknown,unsupported,packets_with_ciphertext,samples_with_ciphertext,ciphertext_byte_percent,affected_sample_percent
global,ALL,31,1674,1674,40962,4666377,838456,140435,237498,105631,0,3184323,160034,11316,565,17.968029586979362,33.75149342891278
class,Chat,10,183,183,3874,375064,129934,20186,25951,13508,0,150884,34601,1605,76,34.643154235010556,41.53005464480874
class,Email,2,138,138,2839,234755,99066,32970,30583,31837,0,30699,9600,2294,111,42.199740154629296,80.43478260869566
class,FileTransfer,6,290,290,9884,1013654,12320,3096,9182,528,0,928577,59951,111,7,1.21540486201406,2.413793103448276
class,P2P,1,233,233,9668,1446055,0,0,62389,0,0,1383666,0,0,0,0.0,0.0
class,Streaming,5,276,276,4282,555434,230233,9762,29665,4825,0,261708,19241,1808,93,41.45100948087442,33.69565217391305
class,VoIP,7,554,554,10415,1041415,366903,74421,79728,54933,0,428789,36641,5498,278,35.23119985788566,50.18050541516246
protocol,HTTP,14,291,291,9634,1443186,0,0,86086,0,0,1357100,0,0,0,0.0,0.0
protocol,SSH_UNSUPPORTED,1,2,2,77,7340,0,0,138,0,0,0,7202,0,0,0.0,0.0
protocol,TLS1.2_AES_GCM,20,566,566,13209,1392514,838456,133077,128001,105631,0,187349,0,11316,565,60.21167471206753,99.82332155477032
protocol,TLS_UNSUPPORTED,23,121,121,1867,245481,0,7358,23273,0,0,62018,152832,0,0,0.0,0.0
protocol,UNKNOWN,28,694,694,16175,1577856,0,0,0,0,0,1577856,0,0,0,0.0,0.0
split,train,30,1172,1172,28973,3301395,582934,94633,165358,70002,0,2277069,111399,7697,385,17.65720248561593,32.84982935153584
split_class,train/Chat,9,128,128,2650,267201,81379,13161,17584,8945,0,121442,24690,1034,51,30.456098592445386,39.84375
split_class,train/Email,2,96,96,1916,161277,61434,20831,21045,19994,0,29065,8908,1432,71,38.09222641790212,73.95833333333333
split_class,train/FileTransfer,6,203,203,7089,717885,12320,2500,6579,528,0,648072,47886,111,7,1.7161523085173809,3.4482758620689653
split_class,train/P2P,1,163,163,7007,1048533,0,0,44338,0,0,1004195,0,0,0,0.0,0.0
split_class,train/Streaming,5,194,194,2976,382117,169742,6273,20469,2910,0,172083,10640,1299,66,44.4214730043416,34.02061855670103
split_class,train/VoIP,7,388,388,7335,724382,258059,51868,55343,37625,0,302212,19275,3821,190,35.62471182331974,48.96907216494845
split,validation,27,252,252,6113,702121,132191,23253,36945,18508,0,467914,23310,1877,95,18.827381605164923,37.698412698412696
split_class,validation/Chat,7,28,28,628,49747,13947,2521,3796,1652,0,18953,8878,184,9,28.035861458982453,32.142857142857146
split_class,validation/Email,2,21,21,404,31917,15343,5350,4750,5328,0,454,692,373,20,48.07156061033305,95.23809523809524
split_class,validation/FileTransfer,5,44,44,1437,165036,0,171,1293,0,0,159633,3939,0,0,0.0,0.0
split_class,validation/P2P,1,35,35,1374,205888,0,0,8876,0,0,197012,0,0,0,0.0,0.0
split_class,validation/Streaming,5,41,41,662,88525,42748,2024,4879,1127,0,35555,2192,349,16,48.28918384637108,39.02439024390244
split_class,validation/VoIP,7,83,83,1608,161008,60153,13187,13351,10401,0,56307,7609,971,50,37.36025539103647,60.24096385542169
split,test,26,250,250,5876,662861,123331,22549,35195,17121,0,439340,25325,1742,85,18.605861560719365,34.0
split_class,test/Chat,7,27,27,596,58116,34608,4504,4571,2911,0,10489,1033,387,16,59.549865785670036,59.25925925925926
split_class,test/Email,2,21,21,519,41561,22289,6789,4788,6515,0,1180,0,489,20,53.62960467746204,95.23809523809524
split_class,test/FileTransfer,4,43,43,1358,130733,0,425,1310,0,0,120872,8126,0,0,0.0,0.0
split_class,test/P2P,1,35,35,1287,191634,0,0,9175,0,0,182459,0,0,0,0.0,0.0
split_class,test/Streaming,5,41,41,644,84792,17743,1465,4317,788,0,54070,6409,160,11,20.9253231436928,26.829268292682926
split_class,test/VoIP,7,83,83,1472,156025,48691,9366,11034,6907,0,70270,9757,706,38,31.207178336805,45.78313253012048
capture,Chat/vpn_aim_chat1a.pcap,1,5,5,110,8929,0,57,131,0,0,8328,413,0,0,0.0,0.0
capture,Chat/vpn_aim_chat1b.pcap,1,4,4,129,8201,0,57,131,0,0,7600,413,0,0,0.0,0.0
capture,Chat/vpn_facebook_chat1a.pcap,1,51,51,711,83717,16002,2687,7655,752,0,25285,31336,147,7,19.114397314762833,13.72549019607843
capture,Chat/vpn_facebook_chat1b.pcap,1,6,6,90,9490,0,129,682,0,0,7966,713,0,0,0.0,0.0
capture,Chat/vpn_hangouts_chat1a.pcap,1,58,58,1305,140398,75473,11157,11765,8200,0,33803,0,955,46,53.756463767290136,79.3103448275862
capture,Chat/vpn_hangouts_chat1b.pcap,1,34,34,688,71110,38459,5985,5325,4556,0,16785,0,503,23,54.08381380959077,67.6470588235294
capture,Chat/vpn_icq_chat1a.pcap,1,5,5,135,8764,0,57,131,0,0,8163,413,0,0,0.0,0.0
capture,Chat/vpn_icq_chat1b.pcap,1,1,1,50,3896,0,0,0,0,0,3896,0,0,0,0.0,0.0
capture,Chat/vpn_skype_chat1a.pcap,1,10,10,299,19101,0,57,131,0,0,17600,1313,0,0,0.0,0.0
capture,Chat/vpn_skype_chat1b.pcap,1,9,9,357,21458,0,0,0,0,0,21458,0,0,0,0.0,0.0
capture,Email/vpn_email2a.pcap,1,65,65,1217,103147,47331,15221,14880,14399,0,6516,4800,1054,54,45.88693805927463,83.07692307692308
capture,Email/vpn_email2b.pcap,1,73,73,1622,131608,51735,17749,15703,17438,0,24183,4800,1240,57,39.30992036958239,78.08219178082192
capture,FileTransfer/vpn_ftps_A.pcap,1,60,60,2354,322647,0,247,226,0,0,315729,6445,0,0,0.0,0.0
capture,FileTransfer/vpn_ftps_B.pcap,1,40,40,1693,237217,148,139,238,144,0,236548,0,9,1,0.06239013224178706,2.5
capture,FileTransfer/vpn_sftp_A.pcap,1,6,6,154,17099,132,135,360,128,0,9142,7202,8,1,0.77197496929645,16.666666666666668
capture,FileTransfer/vpn_sftp_B.pcap,1,5,5,112,11195,0,0,0,0,0,11195,0,0,0,0.0,0.0
capture,FileTransfer/vpn_skype_files1a.pcap,1,82,82,3334,246076,0,57,131,0,0,245475,413,0,0,0.0,0.0
capture,FileTransfer/vpn_skype_files1b.pcap,1,97,97,2237,179420,12040,2518,8227,256,0,110488,45891,94,5,6.710511648645636,5.154639175257732
capture,P2P/vpn_bittorrent.pcap,1,233,233,9668,1446055,0,0,62389,0,0,1383666,0,0,0,0.0,0.0
capture,Streaming/vpn_netflix_A.pcap,1,60,60,1076,148401,49503,1957,7071,896,0,88014,960,379,14,33.357591929973516,23.333333333333332
capture,Streaming/vpn_spotify_A.pcap,1,41,41,659,78361,4868,1701,4991,688,0,50260,15853,71,3,6.212273962813134,7.317073170731708
capture,Streaming/vpn_vimeo_A.pcap,1,37,37,335,42646,6000,686,1723,273,0,32303,1661,56,7,14.069314824368053,18.91891891891892
capture,Streaming/vpn_vimeo_B.pcap,1,37,37,239,28473,474,340,823,218,0,26087,531,16,3,1.6647350121167421,8.108108108108109
capture,Streaming/vpn_youtube_A.pcap,1,101,101,1973,257553,169388,5078,15057,2750,0,65044,236,1286,66,65.7682108148614,65.34653465346534
capture,VoIP/vpn_facebook_audio2.pcap,1,138,138,1951,211428,63308,12485,13945,8293,0,103860,9537,884,55,29.943053900145674,39.85507246376812
capture,VoIP/vpn_hangouts_audio1.pcap,1,126,126,3054,288886,142672,31542,24907,26143,0,63209,413,2373,106,49.386955408015616,84.12698412698413
capture,VoIP/vpn_hangouts_audio2.pcap,1,132,132,2994,304346,104929,23784,25472,18765,0,123167,8229,1755,86,34.47687828984117,65.15151515151516
capture,VoIP/vpn_skype_audio1.pcap,1,79,79,1056,65668,1333,526,591,416,0,62389,413,32,2,2.0299080221721386,2.5316455696202533
capture,VoIP/vpn_skype_audio2.pcap,1,44,44,702,75621,8391,1932,7142,852,0,54516,2788,106,6,11.096124092513984,13.636363636363637
capture,VoIP/vpn_voipbuster1a.pcap,1,19,19,364,52937,22514,2045,4310,224,0,10804,13040,169,11,42.52979957307743,57.89473684210526
capture,VoIP/vpn_voipbuster1b.pcap,1,16,16,294,42529,23756,2107,3361,240,0,10844,2221,179,12,55.858355475087585,75.0
capture_group,Chat/linked-c257653d273a,10,183,183,3874,375064,129934,20186,25951,13508,0,150884,34601,1605,76,34.643154235010556,41.53005464480874
capture_group,Email/vpn_email2,2,138,138,2839,234755,99066,32970,30583,31837,0,30699,9600,2294,111,42.199740154629296,80.43478260869566
capture_group,FileTransfer/vpn_ftps,2,100,100,4047,559864,148,386,464,144,0,552277,6445,9,1,0.026434991355043368,1.0
capture_group,FileTransfer/vpn_sftp,2,11,11,266,28294,132,135,360,128,0,20337,7202,8,1,0.46653000636177283,9.090909090909092
capture_group,FileTransfer/vpn_skype_files1,2,179,179,5571,425496,12040,2575,8358,256,0,355963,46304,94,5,2.829638821516536,2.793296089385475
capture_group,P2P/vpn_bittorrent,1,233,233,9668,1446055,0,0,62389,0,0,1383666,0,0,0,0.0,0.0
capture_group,Streaming/linked-344af536ded1,5,276,276,4282,555434,230233,9762,29665,4825,0,261708,19241,1808,93,41.45100948087442,33.69565217391305
capture_group,VoIP/linked-99e47ec66892,5,519,519,9757,945949,320633,70269,72057,54469,0,407141,21380,5150,255,33.895379137775926,49.13294797687861
capture_group,VoIP/vpn_voipbuster1,2,35,35,658,95466,46270,4152,7671,464,0,21648,15261,348,23,48.46751723126558,65.71428571428571
