source_capture,class_label,capture_group_id,raw_packets,raw_captured_bytes,raw_tcp_packets,valid_tcp_packets,valid_tcp_ip_bytes,raw_valid_tcp_payload_bytes,valid_tcp_payload_packets,model_payload_packets,selected_full_payload_bytes,model_real_payload_bytes,model_header_packets,model_real_header_bytes,raw_udp_packets,eligible_flow_tcp_packets,eligible_flow_ip_bytes,all_bidirectional_tcp_tuples,usable_samples,model_unique_source_packets,model_payload_slots_with_padding,model_payload_tokens_with_padding,model_header_tokens_with_padding,openvpn_dissector_packets,raw_other_ipv4_packets,raw_non_ipv4_packets
Chat/vpn_aim_chat1a.pcap,Chat,Chat/vpn_aim_chat1,1168,159705,1134,1134,153076,106332,611,110,15675,8929,145,5116,34,1121,152556,7,5,177,250,37500,10000,0,,
Chat/vpn_aim_chat1b.pcap,Chat,Chat/vpn_aim_chat1,1287,169909,1278,1278,168072,116708,712,129,13868,8201,169,4960,8,1265,167552,6,4,208,200,30000,8000,0,1,
Chat/vpn_facebook_chat1a.pcap,Chat,Chat/vpn_facebook_chat1,8801,3255477,7711,7711,3114518,2714866,4276,711,453588,83717,1401,54348,1072,7699,3113862,53,51,1535,2550,382500,102000,0,18,
Chat/vpn_facebook_chat1b.pcap,Chat,Chat/vpn_facebook_chat1,7567,2473188,6402,6402,2328950,1996082,3396,90,38149,9490,142,5524,1136,6402,2328950,6,6,166,300,45000,12000,0,29,
Chat/vpn_hangouts_chat1a.pcap,Chat,Chat/vpn_hangouts_chat1,27408,13269987,24923,24923,12879827,11581423,15958,1305,713040,140398,2032,80452,2456,24898,12878463,62,58,2321,2900,435000,116000,0,29,
Chat/vpn_hangouts_chat1b.pcap,Chat,Chat/vpn_hangouts_chat1,17543,5913636,14602,14602,5455179,4695891,8498,688,305289,71110,1024,40228,2912,14583,5454191,35,34,1177,1700,255000,68000,0,29,
Chat/vpn_icq_chat1a.pcap,Chat,Chat/vpn_icq_chat1,4196,419456,4122,4122,411861,245105,2271,135,24630,8764,173,6236,74,4114,411541,6,5,211,250,37500,10000,0,,
Chat/vpn_icq_chat1b.pcap,Chat,Chat/vpn_icq_chat1,3681,360294,3681,3681,360294,213054,2033,50,4811,3896,50,1400,,3673,359974,2,1,71,50,7500,2000,0,,
Chat/vpn_skype_chat1a.pcap,Chat,Chat/vpn_skype_chat1,6973,737619,6896,6896,725403,406971,3322,299,50153,19101,359,13184,74,6894,725283,12,10,471,500,75000,20000,0,3,
Chat/vpn_skype_chat1b.pcap,Chat,Chat/vpn_skype_chat1,7602,882772,7530,7530,875873,507829,4986,357,44335,21458,386,13940,72,7530,875873,9,9,503,450,67500,18000,0,,
Email/vpn_email2a.pcap,Email,Email/vpn_email2,2707,515712,2534,2534,486931,356451,1360,1217,242220,103147,2223,86640,160,2503,485287,68,65,2260,3250,487500,130000,0,13,
Email/vpn_email2b.pcap,Email,Email/vpn_email2,18874,7324138,18714,18714,7297318,6325406,11268,1622,309251,131608,2601,101832,150,18702,7296662,75,73,2801,3650,547500,146000,0,10,
FileTransfer/vpn_ftps_A.pcap,FileTransfer,FileTransfer/vpn_ftps,102569,92739241,102509,102509,92709418,87338838,67762,2354,2340428,322647,2605,103936,56,54918,48887028,62,60,3276,3000,450000,120000,0,4,
FileTransfer/vpn_ftps_B.pcap,FileTransfer,FileTransfer/vpn_ftps,88685,81216446,88647,88647,81199910,76572766,59126,1693,1791431,237217,1776,71028,34,41872,37753518,42,40,2509,2000,300000,80000,0,4,
FileTransfer/vpn_sftp_A.pcap,FileTransfer,FileTransfer/vpn_sftp,90905,80821390,90851,90851,80788510,75936342,59655,154,65876,17099,210,8400,52,9755,8567381,8,6,236,300,45000,12000,0,2,
FileTransfer/vpn_sftp_B.pcap,FileTransfer,FileTransfer/vpn_sftp,20177,17659923,20166,20166,17656031,16591619,13624,112,44202,11195,138,5520,10,3072,2014922,9,5,171,250,37500,10000,0,1,
FileTransfer/vpn_skype_files1a.pcap,FileTransfer,FileTransfer/vpn_skype_files1,42936,8349193,34104,34104,6650910,4873206,20356,3334,763143,246076,3642,145668,8158,34067,6648774,95,82,4887,4100,615000,164000,0,674,
FileTransfer/vpn_skype_files1b.pcap,FileTransfer,FileTransfer/vpn_skype_files1,32817,6165581,23010,23010,3677991,2482315,13701,2237,723312,179420,3197,125000,9106,22992,3676991,104,97,3768,4850,727500,194000,0,701,
P2P/vpn_bittorrent.pcap,P2P,P2P/vpn_bittorrent,422098,369433883,415329,415329,363096233,340943821,262575,9668,12043522,1446055,10116,404616,6745,415327,363096113,235,233,14998,11650,1747500,466000,0,24,
Streaming/vpn_netflix_A.pcap,Streaming,Streaming/vpn_netflix,870018,792538887,869713,869713,792425666,747046270,572208,1076,1048416,148401,1848,73560,258,10342,7334047,121,60,2107,3000,450000,120000,0,47,
Streaming/vpn_spotify_A.pcap,Streaming,Streaming/vpn_spotify,115939,101487107,115309,115309,101241715,95179563,74792,659,423138,78361,1386,55380,612,4161,2114883,69,41,1526,2050,307500,82000,0,18,
Streaming/vpn_vimeo_A.pcap,Streaming,Streaming/vpn_vimeo,104874,122936518,104716,104716,122865798,117382870,90061,335,193045,42646,734,29156,151,1094,327750,42,37,800,1850,277500,74000,0,7,
Streaming/vpn_vimeo_B.pcap,Streaming,Streaming/vpn_vimeo,215102,251134459,214976,214976,251082858,239844790,183718,239,106351,28473,626,24800,120,825,183316,54,37,676,1850,277500,74000,0,6,
Streaming/vpn_youtube_A.pcap,Streaming,Streaming/vpn_youtube,208355,178898646,206752,206752,177968705,166986429,128842,1973,1802735,257553,2947,117712,1584,136163,115058565,116,101,3566,5050,757500,202000,0,19,
VoIP/vpn_facebook_audio2.pcap,VoIP,VoIP/vpn_facebook_audio2,15094,6260390,12355,12355,5868247,5225695,7560,1951,943403,211428,3448,136048,2553,12349,5867919,139,138,3735,6900,1035000,276000,0,186,
VoIP/vpn_hangouts_audio1.pcap,VoIP,VoIP/vpn_hangouts_audio,446669,64723368,38560,38560,9189496,7185868,22386,3054,966195,288886,4999,197200,407916,38541,9188396,129,126,5254,6300,945000,252000,0,193,
VoIP/vpn_hangouts_audio2.pcap,VoIP,VoIP/vpn_hangouts_audio,479063,81798196,53126,53126,23585844,20792340,32281,2994,1494413,304346,4721,185948,425668,53074,23583092,137,132,5235,6600,990000,264000,0,269,
VoIP/vpn_skype_audio1.pcap,VoIP,VoIP/vpn_skype_audio,375980,43521152,5024,5024,689383,429003,2267,1056,173859,65668,2125,83920,370886,4717,673807,103,79,2270,3950,592500,158000,0,70,
VoIP/vpn_skype_audio2.pcap,VoIP,VoIP/vpn_skype_audio,372383,43378555,2290,2290,629017,511677,1112,702,395510,75621,1202,45968,369990,2216,625237,56,44,1337,2200,330000,88000,0,103,
VoIP/vpn_voipbuster1a.pcap,VoIP,VoIP/vpn_voipbuster1,361469,45945892,1485,1485,1041217,981345,932,364,285467,52937,573,16496,358858,1478,1040917,20,19,604,950,142500,38000,0,,1126
VoIP/vpn_voipbuster1b.pcap,VoIP,VoIP/vpn_voipbuster1,363041,45763591,961,961,626425,587473,621,294,201644,42529,452,13040,360731,949,625817,20,16,465,800,120000,32000,6,12,1337
