scope,id,captures,usable_flows,raw_packets,model_unique_source_packets,model_payload_packets,model_payload_bytes,packets_with_confirmed_ciphertext,packets_without_ciphertext,packets_with_unsupported_structure,framing_bytes,plaintext_bytes,confirmed_ciphertext_bytes,authentication_bytes,padding_bytes,unknown_bytes,ciphertext_percent,unknown_percent,unassessed_bytes,status
capture,Chat/vpn_aim_chat1a.pcap,1,5,1168,177,110,8929,,,,,,,,,,,,8929,NOT_ASSESSED_AFTER_EVALUATION_STOP
capture,Chat/vpn_aim_chat1b.pcap,1,4,1287,208,129,8201,,,,,,,,,,,,8201,NOT_ASSESSED_AFTER_EVALUATION_STOP
capture,Chat/vpn_facebook_chat1a.pcap,1,51,8801,1535,711,83717,,,,,,,,,,,,83717,NOT_ASSESSED_AFTER_EVALUATION_STOP
capture,Chat/vpn_facebook_chat1b.pcap,1,6,7567,166,90,9490,,,,,,,,,,,,9490,NOT_ASSESSED_AFTER_EVALUATION_STOP
capture,Chat/vpn_hangouts_chat1a.pcap,1,58,27408,2321,1305,140398,,,,,,,,,,,,140398,NOT_ASSESSED_AFTER_EVALUATION_STOP
capture,Chat/vpn_hangouts_chat1b.pcap,1,34,17543,1177,688,71110,,,,,,,,,,,,71110,NOT_ASSESSED_AFTER_EVALUATION_STOP
capture,Chat/vpn_icq_chat1a.pcap,1,5,4196,211,135,8764,,,,,,,,,,,,8764,NOT_ASSESSED_AFTER_EVALUATION_STOP
capture,Chat/vpn_icq_chat1b.pcap,1,1,3681,71,50,3896,,,,,,,,,,,,3896,NOT_ASSESSED_AFTER_EVALUATION_STOP
capture,Chat/vpn_skype_chat1a.pcap,1,10,6973,471,299,19101,,,,,,,,,,,,19101,NOT_ASSESSED_AFTER_EVALUATION_STOP
capture,Chat/vpn_skype_chat1b.pcap,1,9,7602,503,357,21458,,,,,,,,,,,,21458,NOT_ASSESSED_AFTER_EVALUATION_STOP
capture,Email/vpn_email2a.pcap,1,65,2707,2260,1217,103147,,,,,,,,,,,,103147,NOT_ASSESSED_AFTER_EVALUATION_STOP
capture,Email/vpn_email2b.pcap,1,73,18874,2801,1622,131608,,,,,,,,,,,,131608,NOT_ASSESSED_AFTER_EVALUATION_STOP
capture,FileTransfer/vpn_ftps_A.pcap,1,60,102569,3276,2354,322647,,,,,,,,,,,,322647,NOT_ASSESSED_AFTER_EVALUATION_STOP
capture,FileTransfer/vpn_ftps_B.pcap,1,40,88685,2509,1693,237217,,,,,,,,,,,,237217,NOT_ASSESSED_AFTER_EVALUATION_STOP
capture,FileTransfer/vpn_sftp_A.pcap,1,6,90905,236,154,17099,,,,,,,,,,,,17099,NOT_ASSESSED_AFTER_EVALUATION_STOP
capture,FileTransfer/vpn_sftp_B.pcap,1,5,20177,171,112,11195,,,,,,,,,,,,11195,NOT_ASSESSED_AFTER_EVALUATION_STOP
capture,FileTransfer/vpn_skype_files1a.pcap,1,82,42936,4887,3334,246076,,,,,,,,,,,,246076,NOT_ASSESSED_AFTER_EVALUATION_STOP
capture,FileTransfer/vpn_skype_files1b.pcap,1,97,32817,3768,2237,179420,,,,,,,,,,,,179420,NOT_ASSESSED_AFTER_EVALUATION_STOP
capture,P2P/vpn_bittorrent.pcap,1,233,422098,14998,9668,1446055,,,,,,,,,,,,1446055,NOT_ASSESSED_AFTER_EVALUATION_STOP
capture,Streaming/vpn_netflix_A.pcap,1,60,870018,2107,1076,148401,,,,,,,,,,,,148401,NOT_ASSESSED_AFTER_EVALUATION_STOP
capture,Streaming/vpn_spotify_A.pcap,1,41,115939,1526,659,78361,,,,,,,,,,,,78361,NOT_ASSESSED_AFTER_EVALUATION_STOP
capture,Streaming/vpn_vimeo_A.pcap,1,37,104874,800,335,42646,,,,,,,,,,,,42646,NOT_ASSESSED_AFTER_EVALUATION_STOP
capture,Streaming/vpn_vimeo_B.pcap,1,37,215102,676,239,28473,,,,,,,,,,,,28473,NOT_ASSESSED_AFTER_EVALUATION_STOP
capture,Streaming/vpn_youtube_A.pcap,1,101,208355,3566,1973,257553,,,,,,,,,,,,257553,NOT_ASSESSED_AFTER_EVALUATION_STOP
capture,VoIP/vpn_facebook_audio2.pcap,1,138,15094,3735,1951,211428,,,,,,,,,,,,211428,NOT_ASSESSED_AFTER_EVALUATION_STOP
capture,VoIP/vpn_hangouts_audio1.pcap,1,126,446669,5254,3054,288886,,,,,,,,,,,,288886,NOT_ASSESSED_AFTER_EVALUATION_STOP
capture,VoIP/vpn_hangouts_audio2.pcap,1,132,479063,5235,2994,304346,,,,,,,,,,,,304346,NOT_ASSESSED_AFTER_EVALUATION_STOP
capture,VoIP/vpn_skype_audio1.pcap,1,79,375980,2270,1056,65668,,,,,,,,,,,,65668,NOT_ASSESSED_AFTER_EVALUATION_STOP
capture,VoIP/vpn_skype_audio2.pcap,1,44,372383,1337,702,75621,,,,,,,,,,,,75621,NOT_ASSESSED_AFTER_EVALUATION_STOP
capture,VoIP/vpn_voipbuster1a.pcap,1,19,361469,604,364,52937,,,,,,,,,,,,52937,NOT_ASSESSED_AFTER_EVALUATION_STOP
capture,VoIP/vpn_voipbuster1b.pcap,1,16,363041,465,294,42529,,,,,,,,,,,,42529,NOT_ASSESSED_AFTER_EVALUATION_STOP
class,Chat,10,183,86226,6840,3874,375064,,,,,,,,,,,,375064,NOT_ASSESSED_AFTER_EVALUATION_STOP
class,Email,2,138,21581,5061,2839,234755,,,,,,,,,,,,234755,NOT_ASSESSED_AFTER_EVALUATION_STOP
class,FileTransfer,6,290,378089,14847,9884,1013654,,,,,,,,,,,,1013654,NOT_ASSESSED_AFTER_EVALUATION_STOP
class,P2P,1,233,422098,14998,9668,1446055,,,,,,,,,,,,1446055,NOT_ASSESSED_AFTER_EVALUATION_STOP
class,Streaming,5,276,1514288,8675,4282,555434,,,,,,,,,,,,555434,NOT_ASSESSED_AFTER_EVALUATION_STOP
class,VoIP,7,554,2413699,18900,10415,1041415,,,,,,,,,,,,1041415,NOT_ASSESSED_AFTER_EVALUATION_STOP
capture_group,Chat/linked-c257653d273a,10,183,86226,6840,3874,375064,,,,,,,,,,,,375064,NOT_ASSESSED_AFTER_EVALUATION_STOP
capture_group,Email/vpn_email2,2,138,21581,5061,2839,234755,,,,,,,,,,,,234755,NOT_ASSESSED_AFTER_EVALUATION_STOP
capture_group,FileTransfer/vpn_ftps,2,100,191254,5785,4047,559864,,,,,,,,,,,,559864,NOT_ASSESSED_AFTER_EVALUATION_STOP
capture_group,FileTransfer/vpn_sftp,2,11,111082,407,266,28294,,,,,,,,,,,,28294,NOT_ASSESSED_AFTER_EVALUATION_STOP
capture_group,FileTransfer/vpn_skype_files1,2,179,75753,8655,5571,425496,,,,,,,,,,,,425496,NOT_ASSESSED_AFTER_EVALUATION_STOP
capture_group,P2P/vpn_bittorrent,1,233,422098,14998,9668,1446055,,,,,,,,,,,,1446055,NOT_ASSESSED_AFTER_EVALUATION_STOP
capture_group,Streaming/linked-344af536ded1,5,276,1514288,8675,4282,555434,,,,,,,,,,,,555434,NOT_ASSESSED_AFTER_EVALUATION_STOP
capture_group,VoIP/linked-99e47ec66892,5,519,1689189,17831,9757,945949,,,,,,,,,,,,945949,NOT_ASSESSED_AFTER_EVALUATION_STOP
capture_group,VoIP/vpn_voipbuster1,2,35,724510,1069,658,95466,,,,,,,,,,,,95466,NOT_ASSESSED_AFTER_EVALUATION_STOP
