source_capture,class_label,raw_packets,raw_ipv4_tcp_packets,raw_ipv4_udp_packets,raw_ipv6_tcp_packets,raw_ipv6_udp_packets,raw_ipv6_other_packets,raw_ipv6_packets,raw_outer_tcp_packets,raw_outer_udp_packets,raw_outer_other_packets,raw_outer_tcp_percent,raw_outer_udp_percent
Chat/vpn_aim_chat1a.pcap,Chat,1168,1134,34,0,0,0,0,1134,34,0,97.08904109589041,2.910958904109589
Chat/vpn_aim_chat1b.pcap,Chat,1287,1278,8,0,0,0,0,1278,8,1,99.3006993006993,0.6216006216006216
Chat/vpn_facebook_chat1a.pcap,Chat,8801,7711,1072,0,0,0,0,7711,1072,18,87.61504374502897,12.180434041586183
Chat/vpn_facebook_chat1b.pcap,Chat,7567,6402,1136,0,0,0,0,6402,1136,29,84.6042024580415,15.012554513017047
Chat/vpn_hangouts_chat1a.pcap,Chat,27408,24923,2456,0,0,0,0,24923,2456,29,90.93330414477525,8.960887332165791
Chat/vpn_hangouts_chat1b.pcap,Chat,17543,14602,2912,0,0,0,0,14602,2912,29,83.23547853844839,16.599213361454712
Chat/vpn_icq_chat1a.pcap,Chat,4196,4122,74,0,0,0,0,4122,74,0,98.23641563393709,1.7635843660629171
Chat/vpn_icq_chat1b.pcap,Chat,3681,3681,0,0,0,0,0,3681,0,0,100.0,0.0
Chat/vpn_skype_chat1a.pcap,Chat,6973,6896,74,0,0,0,0,6896,74,3,98.89574071418328,1.0612361967589272
Chat/vpn_skype_chat1b.pcap,Chat,7602,7530,72,0,0,0,0,7530,72,0,99.05288082083662,0.9471191791633781
Email/vpn_email2a.pcap,Email,2707,2534,160,0,0,0,0,2534,160,13,93.60916143332102,5.910602142593277
Email/vpn_email2b.pcap,Email,18874,18714,150,0,0,0,0,18714,150,10,99.15227296810427,0.7947440924022465
FileTransfer/vpn_ftps_A.pcap,FileTransfer,102569,102509,56,0,0,0,0,102509,56,4,99.94150279324163,0.054597392974485466
FileTransfer/vpn_ftps_B.pcap,FileTransfer,88685,88647,34,0,0,0,0,88647,34,4,99.95715171675029,0.038337937644472006
FileTransfer/vpn_sftp_A.pcap,FileTransfer,90905,90851,52,0,0,0,0,90851,52,2,99.94059732687971,0.057202574115835216
FileTransfer/vpn_sftp_B.pcap,FileTransfer,20177,20166,10,0,0,0,0,20166,10,1,99.94548248005154,0.049561381771323784
FileTransfer/vpn_skype_files1a.pcap,FileTransfer,42936,34104,8158,0,0,0,0,34104,8158,674,79.42984907769704,19.000372647661635
FileTransfer/vpn_skype_files1b.pcap,FileTransfer,32817,23010,9106,0,0,0,0,23010,9106,701,70.11609836365298,27.747813633177927
P2P/vpn_bittorrent.pcap,P2P,422098,415329,6745,0,0,0,0,415329,6745,24,98.39634397699112,1.5979701396358192
Streaming/vpn_netflix_A.pcap,Streaming,870018,869713,258,0,0,0,0,869713,258,47,99.96494325404761,0.02965455887119577
Streaming/vpn_spotify_A.pcap,Streaming,115939,115309,612,0,0,0,0,115309,612,18,99.45661080395725,0.5278637904415253
Streaming/vpn_vimeo_A.pcap,Streaming,104874,104716,151,0,0,0,0,104716,151,7,99.8493430211492,0.14398230257261094
Streaming/vpn_vimeo_B.pcap,Streaming,215102,214976,120,0,0,0,0,214976,120,6,99.94142313878997,0.0557874868666958
Streaming/vpn_youtube_A.pcap,Streaming,208355,206752,1584,0,0,0,0,206752,1584,19,99.2306400134386,0.7602409349427659
VoIP/vpn_facebook_audio2.pcap,VoIP,15094,12355,2553,0,0,0,0,12355,2553,186,81.85371670862594,16.914005565125215
VoIP/vpn_hangouts_audio1.pcap,VoIP,446669,38560,407916,0,0,0,0,38560,407916,193,8.63279072422756,91.32400054626581
VoIP/vpn_hangouts_audio2.pcap,VoIP,479063,53126,425668,0,0,0,0,53126,425668,269,11.08956442054594,88.85428430081221
VoIP/vpn_skype_audio1.pcap,VoIP,375980,5024,370886,0,0,0,0,5024,370886,70,1.3362412894302889,98.64514069897335
VoIP/vpn_skype_audio2.pcap,VoIP,372383,2290,369990,0,0,0,0,2290,369990,103,0.6149582553446318,99.357382050201
VoIP/vpn_voipbuster1a.pcap,VoIP,361469,1485,358858,0,613,0,613,1485,359471,513,0.4108236114300258,99.44725550462142
VoIP/vpn_voipbuster1b.pcap,VoIP,363041,961,360731,0,921,6,927,961,361652,428,0.26470839381777816,99.61739858583466
