source_pcap,capture_group_id,initial_activity_group_id,usable_samples,labels,sample_counts,first_utc,last_utc,independently_splittable,independence_certified,group_reason
Chat/vpn_aim_chat1a.pcap,Chat/linked-c257653d273a,Chat/vpn_aim_chat1,5,"[""Chat""]","{""Chat"": 5, ""Email"": 0, ""FileTransfer"": 0, ""P2P"": 0, ""Streaming"": 0, ""VoIP"": 0}",2015-06-03T18:40:21.839550+00:00,2015-06-03T18:57:31.591790+00:00,False,False,Related activity groups linked transitively by shared canonical TCP endpoint tuples or identical model input. Conservatively keep together; endpoint reuse does not prove independence.
Chat/vpn_aim_chat1b.pcap,Chat/linked-c257653d273a,Chat/vpn_aim_chat1,4,"[""Chat""]","{""Chat"": 4, ""Email"": 0, ""FileTransfer"": 0, ""P2P"": 0, ""Streaming"": 0, ""VoIP"": 0}",2015-06-03T18:40:21.628036+00:00,2015-06-03T18:57:26.901301+00:00,False,False,Related activity groups linked transitively by shared canonical TCP endpoint tuples or identical model input. Conservatively keep together; endpoint reuse does not prove independence.
Chat/vpn_facebook_chat1a.pcap,Chat/linked-c257653d273a,Chat/vpn_facebook_chat1,51,"[""Chat""]","{""Chat"": 51, ""Email"": 0, ""FileTransfer"": 0, ""P2P"": 0, ""Streaming"": 0, ""VoIP"": 0}",2015-06-03T17:57:03.394007+00:00,2015-06-03T18:15:04.370376+00:00,False,False,Related activity groups linked transitively by shared canonical TCP endpoint tuples or identical model input. Conservatively keep together; endpoint reuse does not prove independence.
Chat/vpn_facebook_chat1b.pcap,Chat/linked-c257653d273a,Chat/vpn_facebook_chat1,6,"[""Chat""]","{""Chat"": 6, ""Email"": 0, ""FileTransfer"": 0, ""P2P"": 0, ""Streaming"": 0, ""VoIP"": 0}",2015-06-03T17:57:03.695303+00:00,2015-06-03T18:14:30.037896+00:00,False,False,Related activity groups linked transitively by shared canonical TCP endpoint tuples or identical model input. Conservatively keep together; endpoint reuse does not prove independence.
Chat/vpn_hangouts_chat1a.pcap,Chat/linked-c257653d273a,Chat/vpn_hangouts_chat1,58,"[""Chat""]","{""Chat"": 58, ""Email"": 0, ""FileTransfer"": 0, ""P2P"": 0, ""Streaming"": 0, ""VoIP"": 0}",2015-06-03T19:52:00.956828+00:00,2015-06-03T20:07:40.971117+00:00,False,False,Related activity groups linked transitively by shared canonical TCP endpoint tuples or identical model input. Conservatively keep together; endpoint reuse does not prove independence.
Chat/vpn_hangouts_chat1b.pcap,Chat/linked-c257653d273a,Chat/vpn_hangouts_chat1,34,"[""Chat""]","{""Chat"": 34, ""Email"": 0, ""FileTransfer"": 0, ""P2P"": 0, ""Streaming"": 0, ""VoIP"": 0}",2015-06-03T19:51:58.554357+00:00,2015-06-03T20:07:36.363353+00:00,False,False,Related activity groups linked transitively by shared canonical TCP endpoint tuples or identical model input. Conservatively keep together; endpoint reuse does not prove independence.
Chat/vpn_icq_chat1a.pcap,Chat/linked-c257653d273a,Chat/vpn_icq_chat1,5,"[""Chat""]","{""Chat"": 5, ""Email"": 0, ""FileTransfer"": 0, ""P2P"": 0, ""Streaming"": 0, ""VoIP"": 0}",2015-06-03T19:00:55.779434+00:00,2015-06-03T19:23:10.907006+00:00,False,False,Related activity groups linked transitively by shared canonical TCP endpoint tuples or identical model input. Conservatively keep together; endpoint reuse does not prove independence.
Chat/vpn_icq_chat1b.pcap,Chat/linked-c257653d273a,Chat/vpn_icq_chat1,1,"[""Chat""]","{""Chat"": 1, ""Email"": 0, ""FileTransfer"": 0, ""P2P"": 0, ""Streaming"": 0, ""VoIP"": 0}",2015-06-03T19:00:54.865487+00:00,2015-06-03T19:23:11.045216+00:00,False,False,Related activity groups linked transitively by shared canonical TCP endpoint tuples or identical model input. Conservatively keep together; endpoint reuse does not prove independence.
Chat/vpn_skype_chat1a.pcap,Chat/linked-c257653d273a,Chat/vpn_skype_chat1,10,"[""Chat""]","{""Chat"": 10, ""Email"": 0, ""FileTransfer"": 0, ""P2P"": 0, ""Streaming"": 0, ""VoIP"": 0}",2015-06-03T17:31:23.448876+00:00,2015-06-03T17:47:50.247218+00:00,False,False,Related activity groups linked transitively by shared canonical TCP endpoint tuples or identical model input. Conservatively keep together; endpoint reuse does not prove independence.
Chat/vpn_skype_chat1b.pcap,Chat/linked-c257653d273a,Chat/vpn_skype_chat1,9,"[""Chat""]","{""Chat"": 9, ""Email"": 0, ""FileTransfer"": 0, ""P2P"": 0, ""Streaming"": 0, ""VoIP"": 0}",2015-06-03T17:31:20.558934+00:00,2015-06-03T17:47:42.350424+00:00,False,False,Related activity groups linked transitively by shared canonical TCP endpoint tuples or identical model input. Conservatively keep together; endpoint reuse does not prove independence.
Email/vpn_email2a.pcap,Email/vpn_email2,Email/vpn_email2,65,"[""Email""]","{""Chat"": 0, ""Email"": 65, ""FileTransfer"": 0, ""P2P"": 0, ""Streaming"": 0, ""VoIP"": 0}",2015-06-08T14:24:01.161554+00:00,2015-06-08T14:45:14.913791+00:00,False,False,Paired activity captures; overlapping or closely spaced acquisition intervals. Grouped conservatively; separate filenames do not certify independence.
Email/vpn_email2b.pcap,Email/vpn_email2,Email/vpn_email2,73,"[""Email""]","{""Chat"": 0, ""Email"": 73, ""FileTransfer"": 0, ""P2P"": 0, ""Streaming"": 0, ""VoIP"": 0}",2015-06-08T14:24:57.344933+00:00,2015-06-08T14:45:14.552965+00:00,False,False,Paired activity captures; overlapping or closely spaced acquisition intervals. Grouped conservatively; separate filenames do not certify independence.
FileTransfer/vpn_ftps_A.pcap,FileTransfer/vpn_ftps,FileTransfer/vpn_ftps,60,"[""FileTransfer""]","{""Chat"": 0, ""Email"": 0, ""FileTransfer"": 60, ""P2P"": 0, ""Streaming"": 0, ""VoIP"": 0}",2015-05-22T19:40:21.926090+00:00,2015-05-22T19:46:24.678535+00:00,False,False,Paired activity captures; overlapping or closely spaced acquisition intervals. Grouped conservatively; separate filenames do not certify independence.
FileTransfer/vpn_ftps_B.pcap,FileTransfer/vpn_ftps,FileTransfer/vpn_ftps,40,"[""FileTransfer""]","{""Chat"": 0, ""Email"": 0, ""FileTransfer"": 40, ""P2P"": 0, ""Streaming"": 0, ""VoIP"": 0}",2015-05-22T19:46:33.926589+00:00,2015-05-22T19:49:49.048340+00:00,False,False,Paired activity captures; overlapping or closely spaced acquisition intervals. Grouped conservatively; separate filenames do not certify independence.
FileTransfer/vpn_sftp_A.pcap,FileTransfer/vpn_sftp,FileTransfer/vpn_sftp,6,"[""FileTransfer""]","{""Chat"": 0, ""Email"": 0, ""FileTransfer"": 6, ""P2P"": 0, ""Streaming"": 0, ""VoIP"": 0}",2015-05-22T19:21:27.926257+00:00,2015-05-22T19:26:57.043718+00:00,False,False,Paired activity captures; overlapping or closely spaced acquisition intervals. Grouped conservatively; separate filenames do not certify independence.
FileTransfer/vpn_sftp_B.pcap,FileTransfer/vpn_sftp,FileTransfer/vpn_sftp,5,"[""FileTransfer""]","{""Chat"": 0, ""Email"": 0, ""FileTransfer"": 5, ""P2P"": 0, ""Streaming"": 0, ""VoIP"": 0}",2015-05-22T19:27:10.726692+00:00,2015-05-22T19:31:03.398575+00:00,False,False,Paired activity captures; overlapping or closely spaced acquisition intervals. Grouped conservatively; separate filenames do not certify independence.
FileTransfer/vpn_skype_files1a.pcap,FileTransfer/vpn_skype_files1,FileTransfer/vpn_skype_files1,82,"[""FileTransfer""]","{""Chat"": 0, ""Email"": 0, ""FileTransfer"": 82, ""P2P"": 0, ""Streaming"": 0, ""VoIP"": 0}",2015-06-05T13:50:21.636504+00:00,2015-06-05T14:50:04.622694+00:00,False,False,Paired activity captures; overlapping or closely spaced acquisition intervals. Grouped conservatively; separate filenames do not certify independence.
FileTransfer/vpn_skype_files1b.pcap,FileTransfer/vpn_skype_files1,FileTransfer/vpn_skype_files1,97,"[""FileTransfer""]","{""Chat"": 0, ""Email"": 0, ""FileTransfer"": 97, ""P2P"": 0, ""Streaming"": 0, ""VoIP"": 0}",2015-06-05T13:50:19.150701+00:00,2015-06-05T14:53:45.354560+00:00,False,False,Paired activity captures; overlapping or closely spaced acquisition intervals. Grouped conservatively; separate filenames do not certify independence.
P2P/vpn_bittorrent.pcap,P2P/vpn_bittorrent,P2P/vpn_bittorrent,233,"[""P2P""]","{""Chat"": 0, ""Email"": 0, ""FileTransfer"": 0, ""P2P"": 233, ""Streaming"": 0, ""VoIP"": 0}",2015-06-04T12:33:09.142354+00:00,2015-06-04T12:36:52.321820+00:00,False,False,Only supplied recording for this activity; no evidence permitting internal subdivision into independent acquisitions.
Streaming/vpn_netflix_A.pcap,Streaming/linked-344af536ded1,Streaming/vpn_netflix,60,"[""Streaming""]","{""Chat"": 0, ""Email"": 0, ""FileTransfer"": 0, ""P2P"": 0, ""Streaming"": 60, ""VoIP"": 0}",2015-05-24T17:03:24.222647+00:00,2015-05-24T17:32:56.744080+00:00,False,False,Related activity groups linked transitively by shared canonical TCP endpoint tuples or identical model input. Conservatively keep together; endpoint reuse does not prove independence.
Streaming/vpn_spotify_A.pcap,Streaming/linked-344af536ded1,Streaming/vpn_spotify,41,"[""Streaming""]","{""Chat"": 0, ""Email"": 0, ""FileTransfer"": 0, ""P2P"": 0, ""Streaming"": 41, ""VoIP"": 0}",2015-05-24T15:41:16.078647+00:00,2015-05-24T16:45:55.201786+00:00,False,False,Related activity groups linked transitively by shared canonical TCP endpoint tuples or identical model input. Conservatively keep together; endpoint reuse does not prove independence.
Streaming/vpn_vimeo_A.pcap,Streaming/linked-344af536ded1,Streaming/vpn_vimeo,37,"[""Streaming""]","{""Chat"": 0, ""Email"": 0, ""FileTransfer"": 0, ""P2P"": 0, ""Streaming"": 37, ""VoIP"": 0}",2015-05-24T17:48:27.117166+00:00,2015-05-24T18:10:43.030682+00:00,False,False,Related activity groups linked transitively by shared canonical TCP endpoint tuples or identical model input. Conservatively keep together; endpoint reuse does not prove independence.
Streaming/vpn_vimeo_B.pcap,Streaming/linked-344af536ded1,Streaming/vpn_vimeo,37,"[""Streaming""]","{""Chat"": 0, ""Email"": 0, ""FileTransfer"": 0, ""P2P"": 0, ""Streaming"": 37, ""VoIP"": 0}",2015-05-24T18:14:58.614722+00:00,2015-05-24T18:30:44.083604+00:00,False,False,Related activity groups linked transitively by shared canonical TCP endpoint tuples or identical model input. Conservatively keep together; endpoint reuse does not prove independence.
Streaming/vpn_youtube_A.pcap,Streaming/linked-344af536ded1,Streaming/vpn_youtube,101,"[""Streaming""]","{""Chat"": 0, ""Email"": 0, ""FileTransfer"": 0, ""P2P"": 0, ""Streaming"": 101, ""VoIP"": 0}",2015-05-24T18:32:17.828880+00:00,2015-05-24T19:17:03.087883+00:00,False,False,Related activity groups linked transitively by shared canonical TCP endpoint tuples or identical model input. Conservatively keep together; endpoint reuse does not prove independence.
VoIP/vpn_facebook_audio2.pcap,VoIP/linked-99e47ec66892,VoIP/vpn_facebook_audio2,138,"[""VoIP""]","{""Chat"": 0, ""Email"": 0, ""FileTransfer"": 0, ""P2P"": 0, ""Streaming"": 0, ""VoIP"": 138}",2015-04-14T19:03:03.230311+00:00,2015-04-14T20:12:13.278669+00:00,False,False,Related activity groups linked transitively by shared canonical TCP endpoint tuples or identical model input. Conservatively keep together; endpoint reuse does not prove independence.
VoIP/vpn_hangouts_audio1.pcap,VoIP/linked-99e47ec66892,VoIP/vpn_hangouts_audio,126,"[""VoIP""]","{""Chat"": 0, ""Email"": 0, ""FileTransfer"": 0, ""P2P"": 0, ""Streaming"": 0, ""VoIP"": 126}",2015-04-14T20:14:36.405887+00:00,2015-04-14T21:12:04.600459+00:00,False,False,Related activity groups linked transitively by shared canonical TCP endpoint tuples or identical model input. Conservatively keep together; endpoint reuse does not prove independence.
VoIP/vpn_hangouts_audio2.pcap,VoIP/linked-99e47ec66892,VoIP/vpn_hangouts_audio,132,"[""VoIP""]","{""Chat"": 0, ""Email"": 0, ""FileTransfer"": 0, ""P2P"": 0, ""Streaming"": 0, ""VoIP"": 132}",2015-04-14T20:12:29.477136+00:00,2015-04-14T21:29:45.145111+00:00,False,False,Related activity groups linked transitively by shared canonical TCP endpoint tuples or identical model input. Conservatively keep together; endpoint reuse does not prove independence.
VoIP/vpn_skype_audio1.pcap,VoIP/linked-99e47ec66892,VoIP/vpn_skype_audio,79,"[""VoIP""]","{""Chat"": 0, ""Email"": 0, ""FileTransfer"": 0, ""P2P"": 0, ""Streaming"": 0, ""VoIP"": 79}",2015-04-14T17:55:42.417995+00:00,2015-04-14T19:00:10.739569+00:00,False,False,Related activity groups linked transitively by shared canonical TCP endpoint tuples or identical model input. Conservatively keep together; endpoint reuse does not prove independence.
VoIP/vpn_skype_audio2.pcap,VoIP/linked-99e47ec66892,VoIP/vpn_skype_audio,44,"[""VoIP""]","{""Chat"": 0, ""Email"": 0, ""FileTransfer"": 0, ""P2P"": 0, ""Streaming"": 0, ""VoIP"": 44}",2015-04-14T17:55:00.389150+00:00,2015-04-14T19:00:38.718588+00:00,False,False,Related activity groups linked transitively by shared canonical TCP endpoint tuples or identical model input. Conservatively keep together; endpoint reuse does not prove independence.
VoIP/vpn_voipbuster1a.pcap,VoIP/vpn_voipbuster1,VoIP/vpn_voipbuster1,19,"[""VoIP""]","{""Chat"": 0, ""Email"": 0, ""FileTransfer"": 0, ""P2P"": 0, ""Streaming"": 0, ""VoIP"": 19}",2015-05-22T16:33:20.722088+00:00,2015-05-22T17:33:20.579983+00:00,False,False,Paired activity captures; overlapping or closely spaced acquisition intervals. Grouped conservatively; separate filenames do not certify independence.
VoIP/vpn_voipbuster1b.pcap,VoIP/vpn_voipbuster1,VoIP/vpn_voipbuster1,16,"[""VoIP""]","{""Chat"": 0, ""Email"": 0, ""FileTransfer"": 0, ""P2P"": 0, ""Streaming"": 0, ""VoIP"": 16}",2015-05-22T16:33:22.886088+00:00,2015-05-22T17:33:31.419835+00:00,False,False,Paired activity captures; overlapping or closely spaced acquisition intervals. Grouped conservatively; separate filenames do not certify independence.
