source_capture,class_label,capture_group_id,raw_packets,raw_captured_bytes,raw_tcp_packets,valid_tcp_packets,valid_tcp_ip_bytes,raw_valid_tcp_payload_bytes,valid_tcp_payload_packets,model_payload_packets,selected_full_payload_bytes,model_real_payload_bytes,model_header_packets,model_real_header_bytes,raw_udp_packets,eligible_flow_tcp_packets,eligible_flow_ip_bytes,all_bidirectional_tcp_tuples,usable_samples,model_unique_source_packets,model_payload_slots_with_padding,model_payload_tokens_with_padding,model_header_tokens_with_padding,raw_ipv4_tcp_packets,raw_ipv4_udp_packets,raw_ipv6_tcp_packets,raw_ipv6_udp_packets,raw_ipv6_other_packets,raw_ipv6_packets,raw_outer_tcp_packets,raw_outer_udp_packets,raw_outer_other_packets,raw_outer_tcp_percent,raw_outer_udp_percent,raw_packets_percent_of_raw_packets,raw_tcp_packets_percent_of_raw_packets,valid_tcp_packets_percent_of_raw_packets,valid_tcp_payload_packets_percent_of_raw_packets,model_payload_packets_percent_of_raw_packets,model_header_packets_percent_of_raw_packets,raw_udp_packets_percent_of_raw_packets,eligible_flow_tcp_packets_percent_of_raw_packets,model_unique_source_packets_percent_of_raw_packets,valid_tcp_ip_bytes_percent_of_raw_captured_bytes,eligible_flow_ip_bytes_percent_of_raw_captured_bytes,selected_full_payload_bytes_percent_of_raw_captured_bytes,model_real_header_bytes_percent_of_raw_captured_bytes,model_real_payload_bytes_percent_of_raw_captured_bytes,openvpn_dissector_packets,confirmed_openvpn_packets,flows_generated_by_splitcap,packets_reaching_actual_npz,bytes_reaching_actual_npz,raw_other_ipv4_packets,raw_other_ipv4_packets_percent_of_raw_packets,raw_non_ipv4_packets,raw_non_ipv4_packets_percent_of_raw_packets
Chat/vpn_aim_chat1a.pcap,Chat,Chat/linked-c257653d273a,1168,159705,1134,1134,153076,106332,611,110,15675,8929,145,5116,34,1121,152556,7,5,177,250,37500,10000,1134,34,0,0,0,0,1134,34,0,97.08904109589041,2.910958904109589,100.0,97.08904109589041,97.08904109589041,52.31164383561644,9.417808219178083,12.414383561643836,2.910958904109589,95.97602739726027,15.154109589041095,95.84922200306816,95.52362167746783,9.814971353432892,3.2034062803293573,5.590933283240975,0,,,,,,,,
Chat/vpn_aim_chat1b.pcap,Chat,Chat/linked-c257653d273a,1287,169909,1278,1278,168072,116708,712,129,13868,8201,169,4960,8,1265,167552,6,4,208,200,30000,8000,1278,8,0,0,0,0,1278,8,1,99.3006993006993,0.6216006216006216,100.0,99.3006993006993,99.3006993006993,55.32245532245532,10.023310023310023,13.131313131313131,0.6216006216006216,98.2905982905983,16.161616161616163,98.91883302238257,98.61278684472276,8.162016138050369,2.9192096946012276,4.826701351900135,0,,,,,1,0.0777000777000777,,
Chat/vpn_facebook_chat1a.pcap,Chat,Chat/linked-c257653d273a,8801,3255477,7711,7711,3114518,2714866,4276,711,453588,83717,1401,54348,1072,7699,3113862,53,51,1535,2550,382500,102000,7711,1072,0,0,0,0,7711,1072,18,87.61504374502897,12.180434041586183,100.0,87.61504374502897,87.61504374502897,48.585388024088175,8.078627428701283,15.918645608453584,12.180434041586183,87.47869560277242,17.441199863651857,95.67009688595557,95.64994622907795,13.933073402146597,1.6694327743676272,2.5715739966831284,0,,,,,18,0.20452221338484264,,
Chat/vpn_facebook_chat1b.pcap,Chat,Chat/linked-c257653d273a,7567,2473188,6402,6402,2328950,1996082,3396,90,38149,9490,142,5524,1136,6402,2328950,6,6,166,300,45000,12000,6402,1136,0,0,0,0,6402,1136,29,84.6042024580415,15.012554513017047,100.0,84.6042024580415,84.6042024580415,44.87908021673054,1.1893749174045196,1.876569314127131,15.012554513017047,84.6042024580415,2.193735958768336,94.16793223968416,94.16793223968416,1.542503036566569,0.22335544244917896,0.38371526952257573,0,,,,,29,0.38324302894145634,,
Chat/vpn_hangouts_chat1a.pcap,Chat,Chat/linked-c257653d273a,27408,13269987,24923,24923,12879827,11581423,15958,1305,713040,140398,2032,80452,2456,24898,12878463,62,58,2321,2900,435000,116000,24923,2456,0,0,0,0,24923,2456,29,90.93330414477525,8.960887332165791,100.0,90.93330414477525,90.93330414477525,58.22387624051372,4.76138353765324,7.41389375364857,8.960887332165791,90.84208990075891,8.468330414477524,97.05983133216333,97.04955249767765,5.373328549605964,0.6062703753967505,1.0580115865976356,0,,,,,29,0.1058085230589609,,
Chat/vpn_hangouts_chat1b.pcap,Chat,Chat/linked-c257653d273a,17543,5913636,14602,14602,5455179,4695891,8498,688,305289,71110,1024,40228,2912,14583,5454191,35,34,1177,1700,255000,68000,14602,2912,0,0,0,0,14602,2912,29,83.23547853844839,16.599213361454712,100.0,83.23547853844839,83.23547853844839,48.44097360770678,3.921792167816223,5.837086017214843,16.599213361454712,83.12717323148834,6.709228752208858,92.24745993835265,92.23075278897788,5.16245842659237,0.6802583047045845,1.2024750931575767,0,,,,,29,0.16530810009690475,,
Chat/vpn_icq_chat1a.pcap,Chat,Chat/linked-c257653d273a,4196,419456,4122,4122,411861,245105,2271,135,24630,8764,173,6236,74,4114,411541,6,5,211,250,37500,10000,4122,74,0,0,0,0,4122,74,0,98.23641563393709,1.7635843660629171,100.0,98.23641563393709,98.23641563393709,54.12297426120114,3.217349857006673,4.1229742612011435,1.7635843660629171,98.04575786463299,5.028598665395615,98.18932140677448,98.11303211779067,5.871891211473909,1.4866875190723223,2.089372902044553,0,,,,,,,,
Chat/vpn_icq_chat1b.pcap,Chat,Chat/linked-c257653d273a,3681,360294,3681,3681,360294,213054,2033,50,4811,3896,50,1400,,3673,359974,2,1,71,50,7500,2000,3681,0,0,0,0,0,3681,0,0,100.0,0.0,100.0,100.0,100.0,55.22955718554741,1.3583265417006247,1.3583265417006247,,99.7826677533279,1.9288236892148873,100.0,99.91118364446812,1.335298395199476,0.3885715554519365,1.0813391286005318,0,,,,,,,,
Chat/vpn_skype_chat1a.pcap,Chat,Chat/linked-c257653d273a,6973,737619,6896,6896,725403,406971,3322,299,50153,19101,359,13184,74,6894,725283,12,10,471,500,75000,20000,6896,74,0,0,0,0,6896,74,3,98.89574071418328,1.0612361967589272,100.0,98.89574071418328,98.89574071418328,47.640900616664275,4.287967876093504,5.14842965724939,1.0612361967589272,98.86705865481142,6.754624982073713,98.34386044828021,98.32759188686842,6.79930967071076,1.787372613774862,2.589548262720998,0,,,,,3,0.043023089057794346,,
Chat/vpn_skype_chat1b.pcap,Chat,Chat/linked-c257653d273a,7602,882772,7530,7530,875873,507829,4986,357,44335,21458,386,13940,72,7530,875873,9,9,503,450,67500,18000,7530,72,0,0,0,0,7530,72,0,99.05288082083662,0.9471191791633781,100.0,99.05288082083662,99.05288082083662,65.58800315706394,4.696132596685083,5.0776111549592216,0.9471191791633781,99.05288082083662,6.61667982109971,99.21848450109428,99.21848450109428,5.02224810030223,1.5791166915126442,2.430752221411644,0,,,,,,,,
Email/vpn_email2a.pcap,Email,Email/vpn_email2,2707,515712,2534,2534,486931,356451,1360,1217,242220,103147,2223,86640,160,2503,485287,68,65,2260,3250,487500,130000,2534,160,0,0,0,0,2534,160,13,93.60916143332102,5.910602142593277,100.0,93.60916143332102,93.60916143332102,50.24011821204285,44.95751754710011,82.12042851865534,5.910602142593277,92.46398226819358,83.48725526413003,94.41917194092827,94.1003893646066,46.96807520476545,16.800074460163813,20.000891970712335,0,,,,,13,0.4802364240857037,,
Email/vpn_email2b.pcap,Email,Email/vpn_email2,18874,7324138,18714,18714,7297318,6325406,11268,1622,309251,131608,2601,101832,150,18702,7296662,75,73,2801,3650,547500,146000,18714,150,0,0,0,0,18714,150,10,99.15227296810427,0.7947440924022465,100.0,99.15227296810427,99.15227296810427,59.70117622125675,8.593832785842958,13.780862562254955,0.7947440924022465,99.08869344071209,14.840521352124616,99.63381356277011,99.6248568773554,4.222353538395918,1.3903615688289872,1.7969077043605677,0,,,,,10,0.0529829394934831,,
FileTransfer/vpn_ftps_A.pcap,FileTransfer,FileTransfer/vpn_ftps,102569,92739241,102509,102509,92709418,87338838,67762,2354,2340428,322647,2605,103936,56,54918,48887028,62,60,3276,3000,450000,120000,102509,56,0,0,0,0,102509,56,4,99.94150279324163,0.054597392974485466,100.0,99.94150279324163,99.94150279324163,66.06479540601936,2.2950404118203354,2.5397537267595474,0.054597392974485466,53.54249334594273,3.1939474890074,99.96784209178507,52.71450086592794,2.5236652519077656,0.11207337787032352,0.3479077427429021,0,,,,,4,0.0038998137838918193,,
FileTransfer/vpn_ftps_B.pcap,FileTransfer,FileTransfer/vpn_ftps,88685,81216446,88647,88647,81199910,76572766,59126,1693,1791431,237217,1776,71028,34,41872,37753518,42,40,2509,2000,300000,80000,88647,34,0,0,0,0,88647,34,4,99.95715171675029,0.038337937644472006,100.0,99.95715171675029,99.95715171675029,66.66967356373682,1.9090037774144444,2.0025934487230086,0.038337937644472006,47.214297795568584,2.8291142808817726,99.9796395917152,46.48506535240412,2.205749067128596,0.0874551934961547,0.29208000556931535,0,,,,,4,0.004510345605232001,,
FileTransfer/vpn_sftp_A.pcap,FileTransfer,FileTransfer/vpn_sftp,90905,80821390,90851,90851,80788510,75936342,59655,154,65876,17099,210,8400,52,9755,8567381,8,6,236,300,45000,12000,90851,52,0,0,0,0,90851,52,2,99.94059732687971,0.057202574115835216,100.0,99.94059732687971,99.94059732687971,65.62345305538749,0.16940762334305043,0.23101039546779606,0.057202574115835216,10.730982894230241,0.25961168252571365,99.95931770042559,10.600388090331037,0.08150812550984338,0.0103932882124398,0.021156527993393827,0,,,,,2,0.0022000990044552006,,
FileTransfer/vpn_sftp_B.pcap,FileTransfer,FileTransfer/vpn_sftp,20177,17659923,20166,20166,17656031,16591619,13624,112,44202,11195,138,5520,10,3072,2014922,9,5,171,250,37500,10000,20166,10,0,0,0,0,20166,10,1,99.94548248005154,0.049561381771323784,100.0,99.94548248005154,99.94548248005154,67.52242652525152,0.5550874758388263,0.6839470684442682,0.049561381771323784,15.225256480150666,0.8474996282896368,99.97796139881244,11.409574096104496,0.25029554205870547,0.03125721442839813,0.06339212237788353,0,,,,,1,0.004956138177132379,,
FileTransfer/vpn_skype_files1a.pcap,FileTransfer,FileTransfer/vpn_skype_files1,42936,8349193,34104,34104,6650910,4873206,20356,3334,763143,246076,3642,145668,8158,34067,6648774,95,82,4887,4100,615000,164000,34104,8158,0,0,0,0,34104,8158,674,79.42984907769704,19.000372647661635,100.0,79.42984907769704,79.42984907769704,47.410098751630336,7.765045649338551,8.482392397987702,19.000372647661635,79.34367430594374,11.382057015092231,79.65931557696653,79.63373226610045,9.140320507622713,1.7446955651881566,2.947302811181871,0,,,,,674,1.5697782746413267,,
FileTransfer/vpn_skype_files1b.pcap,FileTransfer,FileTransfer/vpn_skype_files1,32817,6165581,23010,23010,3677991,2482315,13701,2237,723312,179420,3197,125000,9106,22992,3676991,104,97,3768,4850,727500,194000,23010,9106,0,0,0,0,23010,9106,701,70.11609836365298,27.747813633177927,100.0,70.11609836365298,70.11609836365298,41.74970289788829,6.81658896303745,9.741902062955175,27.747813633177927,70.06124874302952,11.481853917177073,59.653599555337934,59.637380483688396,11.731449152967093,2.0273839561916387,2.9100258353592308,0,,,,,701,2.136088003169089,,
P2P/vpn_bittorrent.pcap,P2P,P2P/vpn_bittorrent,422098,369433883,415329,415329,363096233,340943821,262575,9668,12043522,1446055,10116,404616,6745,415327,363096113,235,233,14998,11650,1747500,466000,415329,6745,0,0,0,0,415329,6745,24,98.39634397699112,1.5979701396358192,100.0,98.39634397699112,98.39634397699112,62.207117778335835,2.2904633521125426,2.396599841742913,1.5979701396358192,98.3958701533767,3.553203284545295,98.2844968229403,98.28446434080871,3.2599938863756037,0.10952325128228696,0.39142457325713137,0,,,,,24,0.005685883373055547,,
Streaming/vpn_netflix_A.pcap,Streaming,Streaming/linked-344af536ded1,870018,792538887,869713,869713,792425666,747046270,572208,1076,1048416,148401,1848,73560,258,10342,7334047,121,60,2107,3000,450000,120000,869713,258,0,0,0,0,869713,258,47,99.96494325404761,0.02965455887119577,100.0,99.96494325404761,99.96494325404761,65.76967373088833,0.12367560211397925,0.21240939842623946,0.02965455887119577,1.1887110381624288,0.24217889744809878,99.9857141394754,0.9253863905355599,0.1322857486486969,0.009281563492543174,0.0187247594325299,0,,,,,47,0.005402187081186826,,
Streaming/vpn_spotify_A.pcap,Streaming,Streaming/linked-344af536ded1,115939,101487107,115309,115309,101241715,95179563,74792,659,423138,78361,1386,55380,612,4161,2114883,69,41,1526,2050,307500,82000,115309,612,0,0,0,0,115309,612,18,99.45661080395725,0.5278637904415253,100.0,99.45661080395725,99.45661080395725,64.50978531814144,0.568402349511381,1.1954562312940427,0.5278637904415253,3.5889562614823314,1.3162093859702084,99.75820376868167,2.0838932772021965,0.416937690420124,0.054568507899234925,0.07721276358779249,0,,,,,18,0.015525405601221332,,
Streaming/vpn_vimeo_A.pcap,Streaming,Streaming/linked-344af536ded1,104874,122936518,104716,104716,122865798,117382870,90061,335,193045,42646,734,29156,151,1094,327750,42,37,800,1850,277500,74000,104716,151,0,0,0,0,104716,151,7,99.8493430211492,0.14398230257261094,100.0,99.8493430211492,99.8493430211492,85.87543147014513,0.3194309361710243,0.6998874840284532,0.14398230257261094,1.0431565497644792,0.762820146080058,99.94247437527066,0.26660101110070483,0.15702819889530303,0.02371630535362975,0.03468944841922398,0,,,,,7,0.006674676278200507,,
Streaming/vpn_vimeo_B.pcap,Streaming,Streaming/linked-344af536ded1,215102,251134459,214976,214976,251082858,239844790,183718,239,106351,28473,626,24800,120,825,183316,54,37,676,1850,277500,74000,214976,120,0,0,0,0,214976,120,6,99.94142313878997,0.0557874868666958,100.0,99.94142313878997,99.94142313878997,85.4097126014635,0.11111007800950247,0.29102472315459643,0.0557874868666958,0.3835389722085336,0.314269509349053,99.97945283964395,0.0729951599354193,0.04234823067430981,0.009875188016312807,0.011337751144696555,0,,,,,6,0.00278937434333479,,
Streaming/vpn_youtube_A.pcap,Streaming,Streaming/linked-344af536ded1,208355,178898646,206752,206752,177968705,166986429,128842,1973,1802735,257553,2947,117712,1584,136163,115058565,116,101,3566,5050,757500,202000,206752,1584,0,0,0,0,206752,1584,19,99.2306400134386,0.7602409349427659,100.0,99.2306400134386,99.2306400134386,61.83772887619688,0.9469415180821195,1.41441290105829,0.7602409349427659,65.35144344988122,1.7115020037916058,99.48018555713384,64.31494456363856,1.0076851000873421,0.06579815031132209,0.1439658743979538,0,,,,,19,0.009119051618631663,,
VoIP/vpn_facebook_audio2.pcap,VoIP,VoIP/linked-99e47ec66892,15094,6260390,12355,12355,5868247,5225695,7560,1951,943403,211428,3448,136048,2553,12349,5867919,139,138,3735,6900,1035000,276000,12355,2553,0,0,0,0,12355,2553,186,81.85371670862594,16.914005565125215,100.0,81.85371670862594,81.85371670862594,50.0861269378561,12.925665827481119,22.84351397906453,16.914005565125215,81.81396581423083,24.744931760964622,93.7361250656908,93.73088577548683,15.06939663503392,2.173155346551892,3.377233686719198,0,,,,,186,1.2322777262488407,,
VoIP/vpn_hangouts_audio1.pcap,VoIP,VoIP/linked-99e47ec66892,446669,64723368,38560,38560,9189496,7185868,22386,3054,966195,288886,4999,197200,407916,38541,9188396,129,126,5254,6300,945000,252000,38560,407916,0,0,0,0,38560,407916,193,8.63279072422756,91.32400054626581,100.0,8.63279072422756,8.63279072422756,5.01176486391489,0.6837277715713426,1.1191732580501446,91.32400054626581,8.628537015105145,1.1762625120615042,14.19811156922489,14.196412028496416,1.4928070492252505,0.3046813015045818,0.4463395662599017,0,,,,,193,0.04320872950663691,,
VoIP/vpn_hangouts_audio2.pcap,VoIP,VoIP/linked-99e47ec66892,479063,81798196,53126,53126,23585844,20792340,32281,2994,1494413,304346,4721,185948,425668,53074,23583092,137,132,5235,6600,990000,264000,53126,425668,0,0,0,0,53126,425668,269,11.08956442054594,88.85428430081221,100.0,11.08956442054594,11.08956442054594,6.738362177834648,0.6249699935081607,0.9854653772050858,88.85428430081221,11.078709898280602,1.0927581549817038,28.834186025325057,28.830821647949303,1.826951049140497,0.22732530678304935,0.37206933023315086,0,,,,,269,0.056151278641848774,,
VoIP/vpn_skype_audio1.pcap,VoIP,VoIP/linked-99e47ec66892,375980,43521152,5024,5024,689383,429003,2267,1056,173859,65668,2125,83920,370886,4717,673807,103,79,2270,3950,592500,158000,5024,370886,0,0,0,0,5024,370886,70,1.3362412894302889,98.64514069897335,100.0,1.3362412894302889,1.3362412894302889,0.6029576041278791,0.280866003510825,0.5651896377466886,98.64514069897335,1.254588010000532,0.6037555189105803,1.5840182723104388,1.548228778502922,0.3994816129867151,0.19282577814116686,0.15088755003544024,0,,,,,70,0.01861801159636151,,
VoIP/vpn_skype_audio2.pcap,VoIP,VoIP/linked-99e47ec66892,372383,43378555,2290,2290,629017,511677,1112,702,395510,75621,1202,45968,369990,2216,625237,56,44,1337,2200,330000,88000,2290,369990,0,0,0,0,2290,369990,103,0.6149582553446318,99.357382050201,100.0,0.6149582553446318,0.6149582553446318,0.29861728381800456,0.1885155874462583,0.32278594887521717,99.357382050201,0.5950862418531458,0.35903894646103607,1.4500644385226755,1.441350455311386,0.9117638888616737,0.10596941276628509,0.17432807524363134,0,,,,,103,0.027659694454365533,,
VoIP/vpn_voipbuster1a.pcap,VoIP,VoIP/vpn_voipbuster1,361469,45945892,1485,1485,1041217,981345,932,364,285467,52937,573,16496,358858,1478,1040917,20,19,604,950,142500,38000,1485,358858,0,613,0,613,1485,359471,513,0.4108236114300258,99.44725550462142,100.0,0.4108236114300258,0.4108236114300258,0.2578367716180364,0.10070019835725885,0.15851981774370694,99.27766973101427,0.4088870691539247,0.16709593353786908,2.2661808372335006,2.265527895290399,0.6213112589042781,0.03590310097799385,0.11521595880650222,0,,,,,,,1126,0.31150665755569634
VoIP/vpn_voipbuster1b.pcap,VoIP,VoIP/vpn_voipbuster1,363041,45763591,961,961,626425,587473,621,294,201644,42529,452,13040,360731,949,625817,20,16,465,800,120000,32000,961,360731,0,921,6,927,961,361652,428,0.26470839381777816,99.61739858583466,100.0,0.26470839381777816,0.26470839381777816,0.17105505989681608,0.08098258874342017,0.1245038439184555,99.3637082313017,0.2614029820323324,0.12808470668602168,1.3688283334233977,1.3674997663535626,0.4406210168253623,0.028494267418830835,0.09293195544903808,6,,,,,12,0.003305411785445721,1337,0.36827796309507743
