source_pcap,capture_group_id,usable_samples,labels,sample_counts,first_utc,last_utc,independently_splittable,independence_certified,group_reason,link_types,protocol_labels,retained_protocol_labels
Chat/vpn_aim_chat1a.pcap,Chat/vpn_aim_chat1,5,"[""Chat""]","{""Chat"": 5, ""Email"": 0, ""FileTransfer"": 0, ""P2P"": 0, ""Streaming"": 0, ""VoIP"": 0}",2015-06-03T18:40:21.839550+00:00,2015-06-03T18:57:31.591790+00:00,False,False,Paired activity captures; overlapping or closely spaced acquisition intervals. Grouped conservatively; separate filenames do not certify independence.,[101],"{""data"": 68, ""dns"": 6, ""ip"": 1168, ""lbmsrs"": 1, ""pkix1explicit"": 1, ""pkix1implicit"": 1, ""raw"": 1168, ""tcp"": 1134, ""tls"": 563, ""udp"": 34, ""x509ce"": 1, ""x509sat"": 1}","{""data"": 40, ""ip"": 177, ""lbmsrs"": 1, ""pkix1explicit"": 1, ""pkix1implicit"": 1, ""raw"": 177, ""tcp"": 177, ""tls"": 62, ""x509ce"": 1, ""x509sat"": 1}"
Chat/vpn_aim_chat1b.pcap,Chat/vpn_aim_chat1,4,"[""Chat""]","{""Chat"": 4, ""Email"": 0, ""FileTransfer"": 0, ""P2P"": 0, ""Streaming"": 0, ""VoIP"": 0}",2015-06-03T18:40:21.628036+00:00,2015-06-03T18:57:26.901301+00:00,False,False,Paired activity captures; overlapping or closely spaced acquisition intervals. Grouped conservatively; separate filenames do not certify independence.,[101],"{""dns"": 7, ""icmp"": 1, ""ip"": 1287, ""ntp"": 2, ""pkix1explicit"": 1, ""pkix1implicit"": 1, ""raw"": 1287, ""tcp"": 1278, ""tls"": 709, ""udp"": 9, ""x509ce"": 1, ""x509sat"": 1}","{""ip"": 208, ""pkix1explicit"": 1, ""pkix1implicit"": 1, ""raw"": 208, ""tcp"": 208, ""tls"": 126, ""x509ce"": 1, ""x509sat"": 1}"
Chat/vpn_facebook_chat1a.pcap,Chat/vpn_facebook_chat1,51,"[""Chat""]","{""Chat"": 51, ""Email"": 0, ""FileTransfer"": 0, ""P2P"": 0, ""Streaming"": 0, ""VoIP"": 0}",2015-06-03T17:57:03.394007+00:00,2015-06-03T18:15:04.370376+00:00,False,False,Paired activity captures; overlapping or closely spaced acquisition intervals. Grouped conservatively; separate filenames do not certify independence.,[101],"{""data"": 56, ""dns"": 1070, ""http"": 10, ""icmp"": 18, ""ip"": 8801, ""ns_cert_exts"": 4, ""ntp"": 2, ""ocsp"": 11, ""pkix1explicit"": 11, ""pkix1implicit"": 7, ""raw"": 8801, ""tcp"": 7711, ""tls"": 3497, ""udp"": 1090, ""x509ce"": 11, ""x509sat"": 11}","{""data"": 38, ""http"": 10, ""ip"": 1535, ""ns_cert_exts"": 4, ""ocsp"": 11, ""pkix1explicit"": 11, ""pkix1implicit"": 7, ""raw"": 1535, ""tcp"": 1535, ""tls"": 421, ""x509ce"": 11, ""x509sat"": 11}"
Chat/vpn_facebook_chat1b.pcap,Chat/vpn_facebook_chat1,6,"[""Chat""]","{""Chat"": 6, ""Email"": 0, ""FileTransfer"": 0, ""P2P"": 0, ""Streaming"": 0, ""VoIP"": 0}",2015-06-03T17:57:03.695303+00:00,2015-06-03T18:14:30.037896+00:00,False,False,Paired activity captures; overlapping or closely spaced acquisition intervals. Grouped conservatively; separate filenames do not certify independence.,[101],"{""dns"": 1165, ""icmp"": 29, ""ip"": 7567, ""ns_cert_exts"": 1, ""pkix1explicit"": 1, ""raw"": 7567, ""tcp"": 6402, ""tls"": 3077, ""udp"": 1165, ""x509ce"": 1, ""x509sat"": 1}","{""ip"": 166, ""ns_cert_exts"": 1, ""pkix1explicit"": 1, ""raw"": 166, ""tcp"": 166, ""tls"": 85, ""x509ce"": 1, ""x509sat"": 1}"
Chat/vpn_hangouts_chat1a.pcap,Chat/vpn_hangouts_chat1,58,"[""Chat""]","{""Chat"": 58, ""Email"": 0, ""FileTransfer"": 0, ""P2P"": 0, ""Streaming"": 0, ""VoIP"": 0}",2015-06-03T19:52:00.956828+00:00,2015-06-03T20:07:40.971117+00:00,False,False,Paired activity captures; overlapping or closely spaced acquisition intervals. Grouped conservatively; separate filenames do not certify independence.,[101],"{""data"": 41, ""data-text-lines"": 1, ""dns"": 2485, ""http"": 20, ""icmp"": 29, ""ip"": 27408, ""ocsp"": 14, ""pkix1explicit"": 30, ""pkix1implicit"": 30, ""pkixalgs"": 27, ""raw"": 27408, ""tcp"": 24923, ""tls"": 13469, ""udp"": 2485, ""x509ce"": 30, ""x509sat"": 30}","{""data"": 39, ""data-text-lines"": 1, ""http"": 20, ""ip"": 2321, ""ocsp"": 14, ""pkix1explicit"": 30, ""pkix1implicit"": 30, ""pkixalgs"": 27, ""raw"": 2321, ""tcp"": 2321, ""tls"": 1165, ""x509ce"": 30, ""x509sat"": 30}"
Chat/vpn_hangouts_chat1b.pcap,Chat/vpn_hangouts_chat1,34,"[""Chat""]","{""Chat"": 34, ""Email"": 0, ""FileTransfer"": 0, ""P2P"": 0, ""Streaming"": 0, ""VoIP"": 0}",2015-06-03T19:51:58.554357+00:00,2015-06-03T20:07:36.363353+00:00,False,False,Paired activity captures; overlapping or closely spaced acquisition intervals. Grouped conservatively; separate filenames do not certify independence.,[101],"{""dns"": 2939, ""icmp"": 29, ""ip"": 17543, ""ntp"": 2, ""pkix1explicit"": 5, ""pkix1implicit"": 5, ""pkixalgs"": 5, ""raw"": 17543, ""tcp"": 14602, ""tls"": 7515, ""udp"": 2941, ""x509ce"": 5, ""x509sat"": 5}","{""ip"": 1177, ""pkix1explicit"": 5, ""pkix1implicit"": 5, ""pkixalgs"": 5, ""raw"": 1177, ""tcp"": 1177, ""tls"": 673, ""x509ce"": 5, ""x509sat"": 5}"
Chat/vpn_icq_chat1a.pcap,Chat/vpn_icq_chat1,5,"[""Chat""]","{""Chat"": 5, ""Email"": 0, ""FileTransfer"": 0, ""P2P"": 0, ""Streaming"": 0, ""VoIP"": 0}",2015-06-03T19:00:55.779434+00:00,2015-06-03T19:23:10.907006+00:00,False,False,Paired activity captures; overlapping or closely spaced acquisition intervals. Grouped conservatively; separate filenames do not certify independence.,[101],"{""data"": 133, ""dns"": 6, ""ip"": 4196, ""ntp"": 2, ""pkix1explicit"": 1, ""pkix1implicit"": 1, ""raw"": 4196, ""tcp"": 4122, ""tls"": 2189, ""udp"": 74, ""x509ce"": 1, ""x509sat"": 1}","{""data"": 55, ""ip"": 211, ""pkix1explicit"": 1, ""pkix1implicit"": 1, ""raw"": 211, ""tcp"": 211, ""tls"": 72, ""x509ce"": 1, ""x509sat"": 1}"
Chat/vpn_icq_chat1b.pcap,Chat/vpn_icq_chat1,1,"[""Chat""]","{""Chat"": 1, ""Email"": 0, ""FileTransfer"": 0, ""P2P"": 0, ""Streaming"": 0, ""VoIP"": 0}",2015-06-03T19:00:54.865487+00:00,2015-06-03T19:23:11.045216+00:00,False,False,Paired activity captures; overlapping or closely spaced acquisition intervals. Grouped conservatively; separate filenames do not certify independence.,[101],"{""data"": 17, ""ip"": 3681, ""raw"": 3681, ""tcp"": 3681, ""tls"": 2007}","{""data"": 1, ""ip"": 71, ""raw"": 71, ""tcp"": 71, ""tls"": 49}"
Chat/vpn_skype_chat1a.pcap,Chat/vpn_skype_chat1,10,"[""Chat""]","{""Chat"": 10, ""Email"": 0, ""FileTransfer"": 0, ""P2P"": 0, ""Streaming"": 0, ""VoIP"": 0}",2015-06-03T17:31:23.448876+00:00,2015-06-03T17:47:50.247218+00:00,False,False,Paired activity captures; overlapping or closely spaced acquisition intervals. Grouped conservatively; separate filenames do not certify independence.,[101],"{""data"": 2932, ""dns"": 7, ""icmp"": 3, ""ip"": 6973, ""pkix1explicit"": 1, ""pkix1implicit"": 1, ""raw"": 6973, ""tcp"": 6898, ""tls"": 439, ""udp"": 75, ""x509ce"": 1, ""x509sat"": 1}","{""data"": 233, ""ip"": 471, ""pkix1explicit"": 1, ""pkix1implicit"": 1, ""raw"": 471, ""tcp"": 471, ""tls"": 59, ""x509ce"": 1, ""x509sat"": 1}"
Chat/vpn_skype_chat1b.pcap,Chat/vpn_skype_chat1,9,"[""Chat""]","{""Chat"": 9, ""Email"": 0, ""FileTransfer"": 0, ""P2P"": 0, ""Streaming"": 0, ""VoIP"": 0}",2015-06-03T17:31:20.558934+00:00,2015-06-03T17:47:42.350424+00:00,False,False,Paired activity captures; overlapping or closely spaced acquisition intervals. Grouped conservatively; separate filenames do not certify independence.,[101],"{""data"": 4565, ""ip"": 7602, ""ntp"": 2, ""raw"": 7602, ""tcp"": 7530, ""tls"": 477, ""udp"": 72}","{""data"": 305, ""ip"": 503, ""raw"": 503, ""tcp"": 503, ""tls"": 50}"
Email/vpn_email2a.pcap,Email/vpn_email2,65,"[""Email""]","{""Chat"": 0, ""Email"": 65, ""FileTransfer"": 0, ""P2P"": 0, ""Streaming"": 0, ""VoIP"": 0}",2015-06-08T14:24:01.161554+00:00,2015-06-08T14:45:14.913791+00:00,False,False,Paired activity captures; overlapping or closely spaced acquisition intervals. Grouped conservatively; separate filenames do not certify independence.,[101],"{""dns"": 167, ""http"": 12, ""icmp"": 13, ""ip"": 2707, ""ntp"": 6, ""ocsp"": 12, ""pkix1explicit"": 11, ""pkix1implicit"": 11, ""raw"": 2707, ""tcp"": 2534, ""tls"": 1320, ""udp"": 173, ""x509ce"": 11, ""x509sat"": 11}","{""http"": 12, ""ip"": 2260, ""ocsp"": 12, ""pkix1explicit"": 11, ""pkix1implicit"": 11, ""raw"": 2260, ""tcp"": 2260, ""tls"": 1177, ""x509ce"": 11, ""x509sat"": 11}"
Email/vpn_email2b.pcap,Email/vpn_email2,73,"[""Email""]","{""Chat"": 0, ""Email"": 73, ""FileTransfer"": 0, ""P2P"": 0, ""Streaming"": 0, ""VoIP"": 0}",2015-06-08T14:24:57.344933+00:00,2015-06-08T14:45:14.552965+00:00,False,False,Paired activity captures; overlapping or closely spaced acquisition intervals. Grouped conservatively; separate filenames do not certify independence.,[101],"{""dns"": 160, ""http"": 12, ""icmp"": 10, ""ip"": 18874, ""ocsp"": 12, ""pkix1explicit"": 11, ""pkix1implicit"": 11, ""raw"": 18874, ""tcp"": 18714, ""tls"": 8906, ""udp"": 160, ""x509ce"": 11, ""x509sat"": 11}","{""http"": 12, ""ip"": 2801, ""ocsp"": 12, ""pkix1explicit"": 11, ""pkix1implicit"": 11, ""raw"": 2801, ""tcp"": 2801, ""tls"": 1569, ""x509ce"": 11, ""x509sat"": 11}"
FileTransfer/vpn_ftps_A.pcap,FileTransfer/vpn_ftps,60,"[""FileTransfer""]","{""Chat"": 0, ""Email"": 0, ""FileTransfer"": 60, ""P2P"": 0, ""Streaming"": 0, ""VoIP"": 0}",2015-05-22T19:40:21.926090+00:00,2015-05-22T19:46:24.678535+00:00,False,False,Paired activity captures; overlapping or closely spaced acquisition intervals. Grouped conservatively; separate filenames do not certify independence.,[101],"{""dns"": 16, ""ftp"": 18, ""gquic"": 44, ""icmp"": 4, ""ip"": 102569, ""pkix1explicit"": 57, ""pkix1implicit"": 57, ""pkixalgs"": 2, ""raw"": 102569, ""tcp"": 102509, ""tls"": 6308, ""udp"": 60, ""x509ce"": 57, ""x509sat"": 57}","{""ftp"": 18, ""ip"": 3276, ""pkix1explicit"": 56, ""pkix1implicit"": 56, ""pkixalgs"": 2, ""raw"": 3276, ""tcp"": 3276, ""tls"": 761, ""x509ce"": 56, ""x509sat"": 56}"
FileTransfer/vpn_ftps_B.pcap,FileTransfer/vpn_ftps,40,"[""FileTransfer""]","{""Chat"": 0, ""Email"": 0, ""FileTransfer"": 40, ""P2P"": 0, ""Streaming"": 0, ""VoIP"": 0}",2015-05-22T19:46:33.926589+00:00,2015-05-22T19:49:49.048340+00:00,False,False,Paired activity captures; overlapping or closely spaced acquisition intervals. Grouped conservatively; separate filenames do not certify independence.,[101],"{""data"": 228, ""dns"": 16, ""ftp"": 12, ""gquic"": 22, ""icmp"": 4, ""ip"": 88685, ""pkix1explicit"": 33, ""pkix1implicit"": 33, ""raw"": 88685, ""tcp"": 88647, ""tls"": 17047, ""udp"": 38, ""x509ce"": 33, ""x509sat"": 33}","{""ftp"": 12, ""ip"": 2509, ""pkix1explicit"": 32, ""pkix1implicit"": 32, ""raw"": 2509, ""tcp"": 2509, ""tls"": 552, ""x509ce"": 32, ""x509sat"": 32}"
FileTransfer/vpn_sftp_A.pcap,FileTransfer/vpn_sftp,6,"[""FileTransfer""]","{""Chat"": 0, ""Email"": 0, ""FileTransfer"": 6, ""P2P"": 0, ""Streaming"": 0, ""VoIP"": 0}",2015-05-22T19:21:27.926257+00:00,2015-05-22T19:26:57.043718+00:00,False,False,Paired activity captures; overlapping or closely spaced acquisition intervals. Grouped conservatively; separate filenames do not certify independence.,[101],"{""dns"": 11, ""gquic"": 43, ""icmp"": 2, ""ip"": 90905, ""pkix1explicit"": 2, ""pkix1implicit"": 2, ""pkixalgs"": 2, ""raw"": 90905, ""ssh"": 58911, ""tcp"": 90851, ""tls"": 94, ""udp"": 54, ""x509ce"": 2, ""x509sat"": 2}","{""ip"": 236, ""pkix1explicit"": 2, ""pkix1implicit"": 2, ""pkixalgs"": 2, ""raw"": 236, ""ssh"": 77, ""tcp"": 236, ""tls"": 73, ""x509ce"": 2, ""x509sat"": 2}"
FileTransfer/vpn_sftp_B.pcap,FileTransfer/vpn_sftp,5,"[""FileTransfer""]","{""Chat"": 0, ""Email"": 0, ""FileTransfer"": 5, ""P2P"": 0, ""Streaming"": 0, ""VoIP"": 0}",2015-05-22T19:27:10.726692+00:00,2015-05-22T19:31:03.398575+00:00,False,False,Paired activity captures; overlapping or closely spaced acquisition intervals. Grouped conservatively; separate filenames do not certify independence.,[101],"{""dns"": 4, ""gquic"": 7, ""icmp"": 1, ""ip"": 20177, ""raw"": 20177, ""ssh"": 13373, ""tcp"": 20166, ""tls"": 12, ""udp"": 11}","{""ip"": 171, ""raw"": 171, ""ssh"": 94, ""tcp"": 171, ""tls"": 12}"
FileTransfer/vpn_skype_files1a.pcap,FileTransfer/vpn_skype_files1,82,"[""FileTransfer""]","{""Chat"": 0, ""Email"": 0, ""FileTransfer"": 82, ""P2P"": 0, ""Streaming"": 0, ""VoIP"": 0}",2015-06-05T13:50:21.636504+00:00,2015-06-05T14:50:04.622694+00:00,False,False,Paired activity captures; overlapping or closely spaced acquisition intervals. Grouped conservatively; separate filenames do not certify independence.,[101],"{""data"": 28641, ""dns"": 7, ""icmp"": 674, ""ip"": 42936, ""lbmsrs"": 6, ""ntp"": 6, ""pkix1explicit"": 1, ""pkix1implicit"": 1, ""raw"": 42936, ""rtcp"": 2, ""tcp"": 34105, ""tls"": 435, ""udp"": 8831, ""x509ce"": 1, ""x509sat"": 1}","{""data"": 3260, ""ip"": 4887, ""lbmsrs"": 5, ""pkix1explicit"": 1, ""pkix1implicit"": 1, ""raw"": 4887, ""tcp"": 4887, ""tls"": 58, ""x509ce"": 1, ""x509sat"": 1}"
FileTransfer/vpn_skype_files1b.pcap,FileTransfer/vpn_skype_files1,97,"[""FileTransfer""]","{""Chat"": 0, ""Email"": 0, ""FileTransfer"": 97, ""P2P"": 0, ""Streaming"": 0, ""VoIP"": 0}",2015-06-05T13:50:19.150701+00:00,2015-06-05T14:53:45.354560+00:00,False,False,Paired activity captures; overlapping or closely spaced acquisition intervals. Grouped conservatively; separate filenames do not certify independence.,[101],"{""data"": 22016, ""data-text-lines"": 5, ""dns"": 201, ""http"": 15, ""icmp"": 701, ""ip"": 32817, ""lbmsrs"": 4, ""logotypecertextn"": 6, ""ns_cert_exts"": 6, ""ntp"": 4, ""ocsp"": 2, ""pkix1explicit"": 35, ""pkix1implicit"": 35, ""raw"": 32817, ""rtcp"": 38, ""ssdp"": 36, ""tcp"": 23010, ""tls"": 747, ""udp"": 9807, ""x509ce"": 35, ""x509sat"": 36}","{""data"": 1461, ""data-text-lines"": 5, ""http"": 15, ""ip"": 3768, ""lbmsrs"": 4, ""logotypecertextn"": 6, ""ns_cert_exts"": 6, ""ocsp"": 2, ""pkix1explicit"": 35, ""pkix1implicit"": 35, ""raw"": 3768, ""tcp"": 3768, ""tls"": 438, ""x509ce"": 35, ""x509sat"": 36}"
P2P/vpn_bittorrent.pcap,P2P/vpn_bittorrent,233,"[""P2P""]","{""Chat"": 0, ""Email"": 0, ""FileTransfer"": 0, ""P2P"": 233, ""Streaming"": 0, ""VoIP"": 0}",2015-06-04T12:33:09.142354+00:00,2015-06-04T12:36:52.321820+00:00,False,False,Only supplied recording for this activity; no evidence permitting internal subdivision into independent acquisitions.,[101],"{""bt-dht"": 322, ""data"": 265588, ""data-text-lines"": 24, ""dns"": 229, ""http"": 261015, ""icmp"": 24, ""image-gif"": 1, ""ip"": 422098, ""ntp"": 2, ""ocsp"": 8, ""pkix1explicit"": 16, ""pkix1implicit"": 8, ""portcontrol"": 9, ""raw"": 422098, ""ssdp"": 4, ""tcp"": 415329, ""tls"": 108, ""udp"": 6769, ""x509ce"": 16, ""x509sat"": 16}","{""data"": 8832, ""data-text-lines"": 23, ""http"": 9311, ""ip"": 14998, ""ocsp"": 8, ""pkix1explicit"": 16, ""pkix1implicit"": 8, ""raw"": 14998, ""tcp"": 14998, ""tls"": 108, ""x509ce"": 16, ""x509sat"": 16}"
Streaming/vpn_netflix_A.pcap,Streaming/vpn_netflix,60,"[""Streaming""]","{""Chat"": 0, ""Email"": 0, ""FileTransfer"": 0, ""P2P"": 0, ""Streaming"": 60, ""VoIP"": 0}",2015-05-24T17:03:24.222647+00:00,2015-05-24T17:32:56.744080+00:00,False,False,Only supplied recording for this activity; no evidence permitting internal subdivision into independent acquisitions.,[101],"{""data"": 570087, ""data-text-lines"": 6, ""db-lsp-disc"": 59, ""dns"": 77, ""gquic"": 139, ""http"": 570917, ""icmp"": 47, ""image-jfif"": 1, ""ip"": 870018, ""json"": 62, ""pkix1explicit"": 18, ""pkix1implicit"": 18, ""pkixalgs"": 5, ""png"": 1, ""raw"": 870018, ""tcp"": 869743, ""tls"": 472, ""udp"": 275, ""x509ce"": 18, ""x509sat"": 18}","{""data"": 350, ""data-text-lines"": 6, ""http"": 390, ""image-jfif"": 1, ""ip"": 2107, ""json"": 3, ""pkix1explicit"": 18, ""pkix1implicit"": 18, ""pkixalgs"": 5, ""png"": 1, ""raw"": 2107, ""tcp"": 2107, ""tls"": 347, ""x509ce"": 18, ""x509sat"": 18}"
Streaming/vpn_spotify_A.pcap,Streaming/vpn_spotify,41,"[""Streaming""]","{""Chat"": 0, ""Email"": 0, ""FileTransfer"": 0, ""P2P"": 0, ""Streaming"": 41, ""VoIP"": 0}",2015-05-24T15:41:16.078647+00:00,2015-05-24T16:45:55.201786+00:00,False,False,Only supplied recording for this activity; no evidence permitting internal subdivision into independent acquisitions.,[101],"{""data"": 73969, ""data-text-lines"": 2, ""db-lsp-disc"": 129, ""dns"": 81, ""gquic"": 290, ""http"": 72741, ""icmp"": 18, ""ip"": 115939, ""json"": 130, ""lbmsrs"": 3, ""logotypecertextn"": 2, ""ns_cert_exts"": 1, ""ocsp"": 2, ""pkix1explicit"": 23, ""pkix1implicit"": 22, ""pkixalgs"": 12, ""png"": 1, ""raw"": 115939, ""tcp"": 115309, ""tls"": 556, ""udp"": 630, ""x509ce"": 23, ""x509sat"": 23, ""xml"": 4}","{""data"": 148, ""data-text-lines"": 2, ""http"": 120, ""ip"": 1526, ""json"": 1, ""logotypecertextn"": 2, ""ns_cert_exts"": 1, ""ocsp"": 2, ""pkix1explicit"": 23, ""pkix1implicit"": 22, ""pkixalgs"": 12, ""png"": 1, ""raw"": 1526, ""tcp"": 1526, ""tls"": 421, ""x509ce"": 23, ""x509sat"": 23, ""xml"": 4}"
Streaming/vpn_vimeo_A.pcap,Streaming/vpn_vimeo,37,"[""Streaming""]","{""Chat"": 0, ""Email"": 0, ""FileTransfer"": 0, ""P2P"": 0, ""Streaming"": 37, ""VoIP"": 0}",2015-05-24T17:48:27.117166+00:00,2015-05-24T18:10:43.030682+00:00,False,False,Paired activity captures; overlapping or closely spaced acquisition intervals. Grouped conservatively; separate filenames do not certify independence.,[101],"{""data"": 460, ""db-lsp-disc"": 45, ""dns"": 28, ""gquic"": 62, ""icmp"": 7, ""ip"": 104874, ""json"": 45, ""ocsp"": 6, ""pkix1explicit"": 9, ""pkix1implicit"": 9, ""pkixalgs"": 2, ""raw"": 104874, ""tcp"": 104716, ""tls"": 25475, ""udp"": 158, ""x509ce"": 9, ""x509sat"": 9}","{""ip"": 800, ""ocsp"": 6, ""pkix1explicit"": 9, ""pkix1implicit"": 9, ""pkixalgs"": 2, ""raw"": 800, ""tcp"": 800, ""tls"": 293, ""x509ce"": 9, ""x509sat"": 9}"
Streaming/vpn_vimeo_B.pcap,Streaming/vpn_vimeo,37,"[""Streaming""]","{""Chat"": 0, ""Email"": 0, ""FileTransfer"": 0, ""P2P"": 0, ""Streaming"": 37, ""VoIP"": 0}",2015-05-24T18:14:58.614722+00:00,2015-05-24T18:30:44.083604+00:00,False,False,Paired activity captures; overlapping or closely spaced acquisition intervals. Grouped conservatively; separate filenames do not certify independence.,[101],"{""data"": 1285, ""db-lsp-disc"": 32, ""dns"": 24, ""gquic"": 47, ""icmp"": 6, ""ip"": 215102, ""json"": 32, ""ns_cert_exts"": 1, ""ocsp"": 1, ""pkix1explicit"": 3, ""pkix1implicit"": 2, ""raw"": 215102, ""tcp"": 214976, ""tls"": 69018, ""udp"": 126, ""x509ce"": 3, ""x509sat"": 3}","{""ip"": 676, ""ocsp"": 1, ""pkix1explicit"": 2, ""pkix1implicit"": 2, ""raw"": 676, ""tcp"": 676, ""tls"": 235, ""x509ce"": 2, ""x509sat"": 2}"
Streaming/vpn_youtube_A.pcap,Streaming/vpn_youtube,101,"[""Streaming""]","{""Chat"": 0, ""Email"": 0, ""FileTransfer"": 0, ""P2P"": 0, ""Streaming"": 101, ""VoIP"": 0}",2015-05-24T18:32:17.828880+00:00,2015-05-24T19:17:03.087883+00:00,False,False,Only supplied recording for this activity; no evidence permitting internal subdivision into independent acquisitions.,[101],"{""data"": 237, ""db-lsp-disc"": 89, ""dns"": 76, ""gquic"": 1309, ""icmp"": 19, ""ip"": 208355, ""json"": 89, ""pkix1explicit"": 11, ""pkix1implicit"": 11, ""pkixalgs"": 9, ""raw"": 208355, ""tcp"": 206752, ""tls"": 16128, ""udp"": 1603, ""x509ce"": 11, ""x509sat"": 11}","{""ip"": 3566, ""pkix1explicit"": 11, ""pkix1implicit"": 11, ""pkixalgs"": 9, ""raw"": 3566, ""tcp"": 3566, ""tls"": 806, ""x509ce"": 11, ""x509sat"": 11}"
VoIP/vpn_facebook_audio2.pcap,VoIP/vpn_facebook_audio2,138,"[""VoIP""]","{""Chat"": 0, ""Email"": 0, ""FileTransfer"": 0, ""P2P"": 0, ""Streaming"": 0, ""VoIP"": 138}",2015-04-14T19:03:03.230311+00:00,2015-04-14T20:12:13.278669+00:00,False,False,Only supplied recording for this activity; no evidence permitting internal subdivision into independent acquisitions.,[101],"{""data-text-lines"": 1, ""dns"": 2427, ""http"": 14, ""icmp"": 186, ""ip"": 15094, ""ns_cert_exts"": 2, ""ocsp"": 12, ""pkix1explicit"": 61, ""pkix1implicit"": 59, ""pkixalgs"": 50, ""raw"": 15094, ""stun"": 508, ""tcp"": 12355, ""tls"": 6079, ""udp"": 2739, ""x509ce"": 61, ""x509sat"": 61}","{""data-text-lines"": 1, ""http"": 14, ""ip"": 3735, ""ns_cert_exts"": 2, ""ocsp"": 12, ""pkix1explicit"": 61, ""pkix1implicit"": 59, ""pkixalgs"": 50, ""raw"": 3735, ""stun"": 196, ""tcp"": 3735, ""tls"": 1483, ""x509ce"": 61, ""x509sat"": 61}"
VoIP/vpn_hangouts_audio1.pcap,VoIP/vpn_hangouts_audio,126,"[""VoIP""]","{""Chat"": 0, ""Email"": 0, ""FileTransfer"": 0, ""P2P"": 0, ""Streaming"": 0, ""VoIP"": 126}",2015-04-14T20:14:36.405887+00:00,2015-04-14T21:12:04.600459+00:00,False,False,Paired activity captures; overlapping or closely spaced acquisition intervals. Grouped conservatively; separate filenames do not certify independence.,[101],"{""data"": 386111, ""dns"": 6325, ""http"": 2, ""icmp"": 193, ""ip"": 446669, ""ocsp"": 2, ""pkix1explicit"": 56, ""pkix1implicit"": 56, ""pkixalgs"": 54, ""raw"": 446669, ""stun"": 15673, ""tcp"": 38560, ""tls"": 21350, ""udp"": 408109, ""x509ce"": 56, ""x509sat"": 56}","{""http"": 2, ""ip"": 5254, ""ocsp"": 2, ""pkix1explicit"": 56, ""pkix1implicit"": 56, ""pkixalgs"": 54, ""raw"": 5254, ""tcp"": 5254, ""tls"": 2860, ""x509ce"": 56, ""x509sat"": 56}"
VoIP/vpn_hangouts_audio2.pcap,VoIP/vpn_hangouts_audio,132,"[""VoIP""]","{""Chat"": 0, ""Email"": 0, ""FileTransfer"": 0, ""P2P"": 0, ""Streaming"": 0, ""VoIP"": 132}",2015-04-14T20:12:29.477136+00:00,2015-04-14T21:29:45.145111+00:00,False,False,Paired activity captures; overlapping or closely spaced acquisition intervals. Grouped conservatively; separate filenames do not certify independence.,[101],"{""data"": 399346, ""data-text-lines"": 11, ""dns"": 10011, ""http"": 612, ""icmp"": 269, ""image-gif"": 2, ""ip"": 479063, ""json"": 2, ""media"": 3, ""ocsp"": 21, ""pkix1explicit"": 80, ""pkix1implicit"": 80, ""pkixalgs"": 63, ""raw"": 479063, ""stun"": 17197, ""tcp"": 53126, ""tls"": 25757, ""udp"": 425937, ""x509ce"": 80, ""x509sat"": 80}","{""data"": 87, ""data-text-lines"": 11, ""http"": 152, ""image-gif"": 2, ""ip"": 5235, ""json"": 2, ""media"": 3, ""ocsp"": 21, ""pkix1explicit"": 80, ""pkix1implicit"": 80, ""pkixalgs"": 63, ""raw"": 5235, ""tcp"": 5235, ""tls"": 2586, ""x509ce"": 80, ""x509sat"": 80}"
VoIP/vpn_skype_audio1.pcap,VoIP/vpn_skype_audio,79,"[""VoIP""]","{""Chat"": 0, ""Email"": 0, ""FileTransfer"": 0, ""P2P"": 0, ""Streaming"": 0, ""VoIP"": 79}",2015-04-14T17:55:42.417995+00:00,2015-04-14T19:00:10.739569+00:00,False,False,Paired activity captures; overlapping or closely spaced acquisition intervals. Grouped conservatively; separate filenames do not certify independence.,[101],"{""data"": 371937, ""dns"": 93, ""icmp"": 70, ""ip"": 375980, ""lbmsrs"": 1, ""pathport"": 3, ""pkix1explicit"": 10, ""pkix1implicit"": 10, ""pkixalgs"": 9, ""raw"": 375980, ""rtcp"": 595, ""tcp"": 5024, ""tls"": 484, ""udp"": 370956, ""wg"": 18, ""x509ce"": 10, ""x509sat"": 10}","{""data"": 648, ""ip"": 2270, ""lbmsrs"": 1, ""pkix1explicit"": 10, ""pkix1implicit"": 10, ""pkixalgs"": 9, ""raw"": 2270, ""tcp"": 2270, ""tls"": 386, ""x509ce"": 10, ""x509sat"": 10}"
VoIP/vpn_skype_audio2.pcap,VoIP/vpn_skype_audio,44,"[""VoIP""]","{""Chat"": 0, ""Email"": 0, ""FileTransfer"": 0, ""P2P"": 0, ""Streaming"": 0, ""VoIP"": 44}",2015-04-14T17:55:00.389150+00:00,2015-04-14T19:00:38.718588+00:00,False,False,Paired activity captures; overlapping or closely spaced acquisition intervals. Grouped conservatively; separate filenames do not certify independence.,[101],"{""data"": 369211, ""data-text-lines"": 8, ""dns"": 807, ""http"": 117, ""icmp"": 103, ""ip"": 372383, ""ns_cert_exts"": 3, ""ocsp"": 16, ""pathport"": 3, ""pkix1explicit"": 19, ""pkix1implicit"": 16, ""pkixalgs"": 8, ""raw"": 372383, ""rtcp"": 583, ""tcp"": 2290, ""tls"": 445, ""udp"": 370093, ""wg"": 18, ""x509ce"": 19, ""x509sat"": 20}","{""data"": 234, ""data-text-lines"": 8, ""http"": 113, ""ip"": 1337, ""ns_cert_exts"": 3, ""ocsp"": 16, ""pkix1explicit"": 19, ""pkix1implicit"": 16, ""pkixalgs"": 8, ""raw"": 1337, ""tcp"": 1337, ""tls"": 362, ""x509ce"": 19, ""x509sat"": 20}"
VoIP/vpn_voipbuster1a.pcap,VoIP/vpn_voipbuster1,19,"[""VoIP""]","{""Chat"": 0, ""Email"": 0, ""FileTransfer"": 0, ""P2P"": 0, ""Streaming"": 0, ""VoIP"": 19}",2015-05-22T16:33:20.722088+00:00,2015-05-22T17:33:20.579983+00:00,False,False,Paired activity captures; overlapping or closely spaced acquisition intervals. Grouped conservatively; separate filenames do not certify independence.,[1],"{""arp"": 513, ""data"": 357742, ""dhcpv6"": 63, ""dns"": 153, ""eth"": 361469, ""ethertype"": 361469, ""http"": 26, ""ip"": 360343, ""ipv6"": 613, ""llmnr"": 1100, ""nbns"": 414, ""ntp"": 12, ""ocsp"": 3, ""pkix1explicit"": 2, ""pkix1implicit"": 2, ""pkixalgs"": 1, ""tcp"": 1485, ""tls"": 296, ""udp"": 359471, ""x509ce"": 12, ""x509sat"": 12}","{""data"": 13, ""eth"": 604, ""ethertype"": 604, ""http"": 26, ""ip"": 604, ""ocsp"": 3, ""pkix1explicit"": 2, ""pkix1implicit"": 2, ""pkixalgs"": 1, ""tcp"": 604, ""tls"": 204, ""x509ce"": 12, ""x509sat"": 12}"
VoIP/vpn_voipbuster1b.pcap,VoIP/vpn_voipbuster1,16,"[""VoIP""]","{""Chat"": 0, ""Email"": 0, ""FileTransfer"": 0, ""P2P"": 0, ""Streaming"": 0, ""VoIP"": 16}",2015-05-22T16:33:22.886088+00:00,2015-05-22T17:33:31.419835+00:00,False,False,Paired activity captures; overlapping or closely spaced acquisition intervals. Grouped conservatively; separate filenames do not certify independence.,[1],"{""arp"": 407, ""browser"": 9, ""data"": 358984, ""dhcp"": 2, ""dhcpv6"": 65, ""dns"": 241, ""eth"": 363041, ""ethertype"": 363041, ""http"": 20, ""icmp"": 6, ""icmpv6"": 6, ""igmp"": 6, ""ip"": 361704, ""ipv6"": 927, ""ipv6.hopopts"": 6, ""lldp"": 3, ""llmnr"": 1712, ""logotypecertextn"": 1, ""nbdgm"": 9, ""nbns"": 642, ""ntp"": 10, ""openvpn"": 6, ""pkix1explicit"": 1, ""pkix1implicit"": 4, ""smb"": 9, ""tcp"": 961, ""tls"": 260, ""udp"": 361658, ""x509ce"": 15, ""x509sat"": 15}","{""data"": 13, ""eth"": 465, ""ethertype"": 465, ""http"": 20, ""ip"": 465, ""logotypecertextn"": 1, ""pkix1explicit"": 1, ""pkix1implicit"": 4, ""tcp"": 465, ""tls"": 202, ""x509ce"": 15, ""x509sat"": 15}"
